Price,Open,High,Low,Close,Volume
Ticker,PWR,PWR,PWR,PWR,PWR
Date,,,,,
2010-01-04,20.716446193418534,20.873388811702466,20.59873829425379,20.834152221679688,2460200
2010-01-05,20.912630424456133,21.08919139595297,20.69683472090678,20.922439575195312,2156000
2010-01-06,20.951859311625253,21.6777193608796,20.85376971126039,21.520776748657227,2901900
2010-01-07,21.560013208181445,21.922944197583035,21.44230717495648,21.844472885131836,1940800
2010-01-08,21.7071479515621,21.79542841708295,21.28536579184487,21.44230842590332,2612400
2010-01-11,21.50115795730455,21.540392674001293,20.25542436454981,20.579118728637695,6053300
2010-01-12,20.45160355673869,20.530074861020278,20.039628741534475,20.196571350097656,3404200
2010-01-13,20.206379942491182,20.304469537877257,19.65708082759395,20.23580551147461,3291000
2010-01-14,19.82383787155352,20.01020798304752,18.970462386378017,19.068552017211914,5720000
2010-01-15,19.14702183583957,19.196065711931944,18.676193890098585,18.695810317993164,5393000
2010-01-19,18.146508478515802,18.293641956863574,17.616825711379413,18.126890182495117,7047900
2010-01-20,18.13669563499047,18.34268395942832,17.813001300219536,18.293638229370117,4834200
2010-01-21,18.362306752308616,18.75466524531028,18.136701928465424,18.14651107788086,5301500
2010-01-22,18.391729702442206,18.803704522613053,17.969945735254974,18.018991470336914,5362000
2010-01-25,18.26421590001682,18.39173107896672,17.920903212362045,18.0582275390625,2922900
2010-01-26,18.068035472659588,18.28383109595958,17.803194113902666,18.077844619750977,2911100
2010-01-27,18.068036300239616,18.17593505228351,17.577590148627145,18.15631675720215,3536400
2010-01-28,18.627139529225683,18.627139529225683,17.832617504341076,17.852235794067383,3047800
2010-01-29,18.077843112036927,18.313257009885884,17.85223836046126,17.871854782104492,2578100
2010-02-01,18.097463087304334,18.24459655327764,17.930711326960317,18.028799057006836,2303300
2010-02-02,18.107270363586167,18.175934393883665,17.911093032589605,18.028799057006836,1734200
2010-02-03,18.048415968271197,18.303448162835988,17.950326374838063,18.097461700439453,2372700
2010-02-04,17.93071255876525,17.94052170662448,17.31274933995958,17.351985931396484,2989300
2010-02-05,17.302939203564605,17.371601363752788,16.429945673908737,16.832111358642578,5757600
2010-02-08,16.940014008471806,17.273517609806813,16.724216460017402,16.99886703491211,2515200
2010-02-09,17.224471517180035,17.430459911953097,16.979248395866918,17.263708114624023,2515900
2010-02-10,17.19503820222289,17.253891201001046,16.78306346896959,17.096948623657227,2385700
2010-02-11,17.077335789611777,17.351986323160055,16.871349292628338,17.253896713256836,1444300
2010-02-12,17.05771788297403,17.234278810650967,16.88115695529709,17.155807495117188,1876700
2010-02-16,17.361798206935593,17.41084208416319,17.146000656964592,17.33237075805664,2156300
2010-02-17,17.38141451195853,17.489313286178458,17.16561883442265,17.273517608642578,1916700
2010-02-18,17.214662614141467,17.685492435686683,17.204855335544078,17.656064987182617,2115700
2010-02-19,17.597213590813368,17.82281843752663,17.45008007647446,17.538358688354492,3549600
2010-02-22,18.16612673391475,19.117591637946173,18.11708099397271,18.891986846923828,7420900
2010-02-23,18.842939309795184,18.99007464468427,18.50943766451616,18.676189422607422,4103800
2010-02-24,18.735042709157717,19.04892793584418,18.617334813698527,18.793895721435547,3267800
2010-02-25,18.56829330261834,18.872369420657247,18.18574586795959,18.862560272216797,2050800
2010-02-26,18.813512338529108,18.980264084202645,18.55848014685762,18.636951446533203,3186900
2010-03-01,18.754658239438836,18.93121725025058,18.59771377832298,18.823320388793945,3216800
2010-03-02,18.87236713848146,18.99988418188332,18.568291057213514,18.578100204467773,2210100
2010-03-03,18.666375781650466,18.931215204703392,18.44076919555664,18.44076919555664,2875300
2010-03-04,18.45058365951551,18.558482411323773,18.166125865071347,18.26421546936035,3170100
2010-03-05,18.29364152168498,18.430967719659304,18.058227587747957,18.33287811279297,2373200
2010-03-08,18.332878851317517,18.411350165791006,18.234789240499722,18.244598388671875,1648700
2010-03-09,18.17593549016829,18.460393292086657,18.156317194614292,18.33287811279297,2230200
2010-03-10,18.27402239910437,18.313258988436633,17.999373757392764,18.254405975341797,2430600
2010-03-11,18.20536071857835,18.35249419064573,18.038608951327696,18.323068618774414,1493200
2010-03-12,18.519246068187925,18.774278294378572,18.27402298964733,18.764469146728516,3572200
2010-03-15,18.735045749875674,18.852751793535152,18.44077689891932,18.607528686523438,916600
2010-03-16,18.715422947616055,19.186250750736406,18.558480346575937,19.078353881835938,2672600
2010-03-17,19.166635409402524,19.67669795608864,19.166635409402524,19.382431030273438,3671500
2010-03-18,19.333388152171747,19.676700863621498,19.205872964383776,19.24510955810547,1891800
2010-03-19,19.048931121826172,19.421669423131892,18.96065065319253,19.048931121826172,2255700
2010-03-22,18.931218265080922,19.38242963930732,18.872365258322123,19.34319305419922,2178200
2010-03-23,19.402050042669227,19.686507832036575,19.303960440130865,19.676698684692383,1952000
2010-03-24,19.68651466245967,19.68651466245967,19.4511006572306,19.598234176635742,2438200
2010-03-25,19.627660250228825,19.65708770040455,19.097977372490273,19.117595672607422,2351800
2010-03-26,19.22549171053349,19.323581326226257,18.891988139720375,19.039121627807617,1686100
2010-03-29,19.16663847158828,19.18625489778078,19.0195031142699,19.088165283203125,3011100
2010-03-30,19.117592254449836,19.12740140275457,18.666382657854548,18.744853973388672,2863800
2010-03-31,18.666380549682994,18.882176175304053,18.48001049474908,18.793895721435547,3920800
2010-04-01,18.872370774815423,19.196065212961436,18.872370774815423,19.17644691467285,1787300
2010-04-05,19.17644800605765,19.41186385711101,19.107785829043756,19.37262725830078,1335200
2010-04-06,19.313768085126053,19.5786075592041,19.117588895309403,19.5786075592041,2761400
2010-04-07,19.500137052238124,19.539373640162008,19.254913990424296,19.382431030273438,2773400
2010-04-08,19.303960342643013,19.51975597041477,19.196061593305362,19.509946823120117,2178100
2010-04-09,19.50995257655852,19.95135498046875,19.44129039615117,19.95135498046875,3297400
2010-04-12,20.078866184003346,20.108293628692625,19.617847442626953,19.617847442626953,3387000
2010-04-13,19.568800871024802,19.588417293872666,19.215679067114696,19.431474685668945,2319800
2010-04-14,19.519759651107446,19.519759651107446,19.137212188999587,19.17644691467285,3509300
2010-04-15,19.16663824156585,19.431477765572215,18.999886460056185,19.24510955810547,3433700
2010-04-16,19.166641717643287,19.35300995890993,18.793901493301806,18.96065330505371,2466800
2010-04-19,18.90179363990932,19.097970962524414,18.784085749617507,19.097970962524414,2654000
2010-04-20,19.176441142532152,19.4707099155738,19.058735130038162,19.39223861694336,1907300
2010-04-21,19.38243238964193,19.863069399997638,19.38243238964193,19.804216384887695,3133000
2010-04-22,19.637463376990596,19.863068146427,19.421665883700555,19.82383155822754,2427600
2010-04-23,19.725745462471817,19.970968546308004,19.578610115447184,19.706127166748047,3808200
2010-04-26,19.63747292405309,19.66689850860489,19.00970030398479,19.549192428588867,3979000
2010-04-27,19.490328965137767,19.79440502528086,19.186251034091264,19.196060180664062,3078000
2010-04-28,19.303959725329154,19.617844945106295,19.205870126422923,19.382431030273438,2050200
2010-04-29,19.529564936371845,20.000392776722208,19.500137494761123,19.941539764404297,2204800
2010-04-30,19.941542464298845,20.020013781648174,19.617848046369893,19.745363235473633,3018500
2010-05-03,19.823834242398526,19.853261687532633,19.50994897791639,19.73555564880371,2089600
2010-05-04,19.44128407527658,19.509946233360047,18.98026539178509,19.274532318115234,3846800
2010-05-05,18.293639937452223,19.657081425922335,17.78357552264187,19.215679168701172,5435800
2010-05-06,19.353008274743786,20.530080004783663,18.058230494242284,19.62765884399414,8701600
2010-05-07,19.67669869832306,20.10829182724871,19.166636132396626,19.294151306152344,5553100
2010-05-10,19.912110165255868,20.225997229049025,19.745358422670233,20.206378936767578,2965100
2010-05-11,19.931729996558488,20.549693154816545,19.8238312515825,20.196571350097656,3574000
2010-05-12,20.324086100019198,21.324596612212435,20.314276953322782,21.27555274963379,3863300
2010-05-13,21.167655325797703,22.599759027348057,21.167655325797703,22.18778419494629,6980800
2010-05-14,21.96217675751993,22.315298564258853,21.707144549419983,22.001413345336914,6317900
2010-05-17,22.011219024658203,22.3349133395398,21.628669837323088,22.011219024658203,4052500
2010-05-18,22.168169681724148,22.570335435418773,21.638486862182617,21.638486862182617,5731200
2010-05-19,21.412881160307233,21.68753170766861,20.89300751130656,21.39326286315918,5226300
2010-05-20,20.98128700712517,20.9910961552455,20.127911700597565,20.32408905029297,7554700
2010-05-21,19.92192365759685,20.82434471948046,19.912114509316147,20.716447830200195,4367600
2010-05-24,20.608551839279404,20.775303640651074,20.235811638140856,20.412372589111328,3192300
2010-05-25,19.85325814746268,20.25542380473251,19.578607654562354,20.23580551147461,3880400
2010-05-26,20.294667165285436,20.81453901382077,20.216195836964776,20.265239715576172,2983900
2010-05-27,20.206379337065073,20.56930839694498,19.627652799620872,20.49083709716797,3436600
2010-05-28,20.461419439761066,20.55950719922702,20.14753411930021,20.33390235900879,2651200
2010-06-01,20.147529421864938,20.4025597821005,19.81402587890625,19.81402587890625,2826900
2010-06-02,20.0298257306142,20.284858015382348,19.823837324457447,20.265239715576172,2092100
2010-06-03,20.33390092223824,20.804728869661353,20.304475344839265,20.677213668823242,2584800
2010-06-04,20.206380569340745,20.78510714207829,20.206380569340745,20.471221923828125,5977900
2010-06-07,20.51046170607208,20.51046170607208,19.558996669407538,19.62765884399414,2971400
2010-06-08,19.6276593708527,19.902309947475405,19.40205454232547,19.863073348999023,3390900
2010-06-09,20.53988947686607,20.6477863796672,20.10829625294965,20.186767578125,3116200
2010-06-10,20.510456097987195,20.902812610418838,20.353513493014535,20.893003463745117,2192600
2010-06-11,20.667399222783974,21.354024539986845,20.65759007586354,21.344215393066406,2406900
2010-06-14,21.53058806459856,21.64829410017032,21.255937530091614,21.36383628845215,3680800
2010-06-15,21.54039364214668,22.001414212652676,21.24612670553296,21.971986770629883,2263500
2010-06-16,21.903326548016445,22.452625751382275,21.795427788623545,22.246639251708984,2825600
2010-06-17,22.315300041335547,22.67823101905156,22.04064952114766,22.589950561523438,3527100
2010-06-18,22.688039780539544,22.707658077030487,22.276064908748374,22.41339111328125,3552500
2010-06-21,22.55071346783801,22.78612739235799,22.001414310624718,22.13873863220215,2035000
2010-06-22,22.13874240097289,22.413392961786233,21.658105322727454,21.697341918945312,1835100
2010-06-23,21.6973406662127,21.952371043288622,21.363837101231848,21.716957092285156,2515000
2010-06-24,21.62867479364641,21.756191842280373,21.15784693154474,21.22650909423828,1892500
2010-06-25,21.344218811890844,21.51097059444092,21.02052439528232,21.44230842590332,1515600
2010-06-28,21.354026713940815,21.70714668450871,21.20689323696222,21.461923599243164,1638100
2010-06-29,20.912627226763007,21.20689609122995,20.33390051797233,20.500652313232422,1990500
2010-06-30,20.40255988338936,20.736063428003735,20.216191686207654,20.25542640686035,1983100
2010-07-01,20.402561379073042,20.402561379073042,19.833643856124958,20.078866958618164,2709100
2010-07-02,20.059252599572957,20.27504827848109,19.696321547282377,19.863073348999023,1672900
2010-07-06,20.216199594477843,20.422186168016545,19.696325778411367,19.931739807128906,1696700
2010-07-07,19.84345500870869,20.42218173871013,19.74536538362465,20.412372589111328,2475900
2010-07-08,20.736060231767087,20.824340678257762,20.481028038672182,20.765487670898438,1384600
2010-07-09,20.765491907583097,21.22651065594679,20.530077959212036,21.21670150756836,1232000
2010-07-12,21.108799373383118,21.28536025852625,20.794914186863462,20.90281105041504,1039800
2010-07-13,21.069573933823552,21.24613491235405,20.893012955293052,21.16766357421875,2172200
2010-07-14,21.020519746671198,21.246124499375583,20.745869262354972,21.089181900024414,1597800
2010-07-15,21.059755215391494,21.089182655412653,20.618354840494682,20.893003463745117,1446300
2010-07-16,20.71645078431358,20.71645078431358,19.87288262091977,19.921926498413086,2752400
2010-07-19,19.990584208946395,20.314278592432505,19.95134948989841,20.17695426940918,1713400
2010-07-20,19.8925007522917,21.00090846405479,19.794411127229413,20.961673736572266,1999300
2010-07-21,21.12842436777877,21.255939563664946,20.736065889259102,20.87339210510254,2479600
2010-07-22,21.167655106146764,21.51096777473637,21.10880209381537,21.471731185913086,2020100
2010-07-23,21.47173535684425,21.756195068359375,21.285367136441813,21.756195068359375,1552700
2010-07-26,21.716956051091096,22.070077896118164,21.638484737852156,22.070077896118164,1234000
2010-07-27,22.21721355572442,22.22702270470525,21.569824690220685,21.638486862182617,1894300
2010-07-28,21.63848495205539,21.63848495205539,21.226510085746824,21.36383628845215,1874500
2010-07-29,21.628675498842888,21.63848464681945,20.932242830640142,21.24612808227539,2146200
2010-07-30,21.059759485370627,21.52078011799271,20.843963827505355,21.069568634033203,2787900
2010-08-02,21.334406246145967,21.63848231706565,21.216698354004187,21.344215393066406,2686400
2010-08-03,21.314790374714836,21.38345254005783,20.80472590230446,21.030332565307617,2697200
2010-08-04,19.95134946951311,20.490839484470875,19.039119334010625,19.902305603027344,9765800
2010-08-05,19.500136945985442,19.68650699580143,19.13720786418446,19.215679168701172,4622300
2010-08-06,19.019498825073242,19.32357674878,18.901792810847642,19.019498825073242,3553300
2010-08-09,19.009696892867183,19.15683227284172,18.911609134089588,19.117595672607422,1995100
2010-08-10,18.980268950867526,19.068549419501167,18.803708013600243,19.048931121826172,2021400
2010-08-11,18.80370700703999,18.901796619260406,18.30345166852925,18.3623046875,2753700
2010-08-12,18.009188710035563,18.568297191925502,18.009188710035563,18.480016708374023,2447100
2010-08-13,18.372115466464482,18.70561905507239,18.34268988981925,18.519248962402344,1554900
2010-08-16,18.391732299058848,18.558484080073132,18.146509201738063,18.421159744262695,1630700
2010-08-17,18.529055175496627,19.274533557145407,18.440774717741927,18.87236785888672,3443200
2010-08-18,18.833133617471216,19.088163978678526,18.64676354960096,18.941030502319336,1468000
2010-08-19,18.803707791155816,18.8723699613022,18.391732899373693,18.548675537109375,1391100
2010-08-20,18.430967465400222,18.56829179057649,18.205360811448852,18.48982048034668,2091900
2010-08-23,18.529055455622,18.793896832890013,18.29364152168498,18.33287811279297,1406500
2010-08-24,18.097471643984683,18.18575213948934,17.656069166461382,17.832630157470703,3214900
2010-08-25,17.68549221472447,17.83262571359858,17.557975143704013,17.705108642578125,3970200
2010-08-26,17.754148362731037,17.999371401246925,17.50892532421515,17.5873966217041,2031500
2010-08-27,17.665870983558605,18.0582275390625,17.459882622604287,18.0582275390625,2239900
2010-08-30,17.930711900954556,18.1857441232273,17.587399222091115,17.607017517089844,1569400
2010-08-31,17.49912221434632,17.754154486882552,17.459885616615843,17.597211837768555,1665800
2010-09-01,17.91109166000684,18.185742147438933,17.90128251357319,18.097461700439453,1670700
2010-09-02,18.08765537250645,18.352494883870005,18.04841878065782,18.342687606811523,1404200
2010-09-03,18.558479512719188,18.676187393662197,18.26421261671661,18.509435653686523,1190200
2010-09-07,18.39173086317552,18.47020217335559,18.07784562245524,18.107271194458008,999700
2010-09-08,18.10727090495763,18.450583583095387,18.07784533342532,18.372112274169922,1192500
2010-09-09,18.607521396514272,18.636948831352047,17.793381075033437,17.911088943481445,1759800
2010-09-10,17.940518806017536,18.05822481949034,17.783574336548213,17.871854782104492,1786800
2010-09-13,18.028803313294798,18.08765821030156,17.057719963530825,17.38141441345215,6002600
2010-09-14,17.410838348142015,17.597208409242736,17.096953111069382,17.49911880493164,4935700
2010-09-15,17.469691323002316,17.783576559367663,17.36179444231647,17.607017517089844,1801900
2010-09-16,17.567782234869025,17.607018827787325,17.29313169715208,17.37160301208496,1562700
2010-09-17,17.50893099256398,17.97975892992373,17.391223072772085,17.862051010131836,3322800
2010-09-20,17.901285303032807,18.41134977164295,17.85224143412569,18.342687606811523,2623100
2010-09-21,18.283829406048312,18.62714203890162,18.264212984582123,18.411346435546875,2612400
2010-09-22,18.4113524993858,18.597720725567246,18.048421454630443,18.14651107788086,1165700
2010-09-23,17.969948376493267,18.323070237371425,17.803196594512332,17.930713653564453,1228300
2010-09-24,18.107277145653356,18.548679579803743,18.107277145653356,18.499635696411133,1663800
2010-09-27,18.49963239574734,19.166639567944536,18.450586650201142,19.009695053100586,2718300
2010-09-28,19.107782274434058,19.127400570189593,18.54867394172695,18.941030502319336,1954200
2010-09-29,18.842941106981787,18.97045815992741,18.78408808995502,18.891986846923828,1610000
2010-09-30,18.931217270685195,19.186249447781776,18.64675952720652,18.715421676635742,1518700
2010-10-01,18.87237148873907,18.901798937285154,18.587913636409457,18.646766662597656,1861000
2010-10-04,18.49963084451838,18.823325254365347,18.36230463940797,18.470203399658203,1588500
2010-10-05,18.52905435983002,18.80370486863244,18.352493452093,18.793895721435547,2538000
2010-10-06,18.715428088474027,18.891989030868746,18.53886714607931,18.73504638671875,1486500
2010-10-07,18.833131693481064,19.46090212629594,18.66637993840168,19.431474685668945,2749100
2010-10-08,19.441286516298714,19.794408368955192,19.284343886429998,19.617847442626953,2137400
2010-10-11,19.568795609603473,19.79440031437552,19.47070603812342,19.71592903137207,993300
2010-10-12,19.71593468248602,19.87287729347687,19.490329913049614,19.82383155822754,1632100
2010-10-13,19.970970281840504,20.059250749365642,19.853262368172384,20.029823303222656,1575500
2010-10-14,20.020014830961856,20.108295301469887,19.657085670787843,19.774791717529297,954800
2010-10-15,19.912111380941663,20.010200977434188,19.470711003080456,19.69631576538086,1967600
2010-10-18,19.725744346597093,19.89249610900879,19.64727303904474,19.89249610900879,877400
2010-10-19,19.666894265761467,19.833646068896925,19.24511205397555,19.37262725830078,1453800
2010-10-20,19.343196048387174,19.6963178854074,19.343196048387174,19.647274017333984,1071900
2010-10-21,19.68650882788482,19.921922763343247,19.627655811746124,19.81402587890625,1204600
2010-10-22,19.80422199574233,19.853265877078268,18.98027206715039,19.029315948486328,2305100
2010-10-25,19.1470211329089,19.755173406105033,19.1470211329089,19.500141143798828,1713400
2010-10-26,19.529563386833043,19.745358995479155,19.43147379348358,19.56879997253418,1074000
2010-10-27,19.421667083364287,19.421667083364287,18.931220925997476,19.147018432617188,1068700
2010-10-28,19.225494215811977,19.45109905167129,19.12740458733713,19.4412899017334,1174300
2010-10-29,19.372624181882284,19.40205162631681,19.12740109097238,19.284343719482422,1315000
2010-11-01,19.460900769382075,19.647270805218117,19.274530733546033,19.39223861694336,1201600
2010-11-02,19.588427164959406,19.608045468596877,19.37263143766042,19.549192428588867,1691700
2010-11-03,18.43097083050164,18.43097083050164,17.371605142626223,17.597211837768555,12587800
2010-11-04,17.862047415095194,17.901284004096777,17.253895252798984,17.430456161499023,7267500
2010-11-05,17.43046078572971,17.528550413352907,17.28332727974693,17.50893211364746,4441200
2010-11-08,17.410841862360638,17.773772910294916,17.410841862360638,17.656064987182617,3340600
2010-11-09,17.714916341921185,17.724725490497068,17.17542626657418,17.224470138549805,3112800
2010-11-10,17.25389316282505,17.50892534773252,16.97924268579316,17.4794979095459,3027800
2010-11-11,17.342180307959236,17.557975992007044,17.16561935241829,17.50893211364746,1718700
2010-11-12,17.30294248551893,17.32256078383769,16.78307067639911,16.979248046875,2271500
2010-11-15,17.04790687561035,17.283322667443546,17.038099599278876,17.04790687561035,1233500
2010-11-16,16.93019906756996,16.93019906756996,16.68497602523129,16.724210739135742,1711000
2010-11-17,16.783064230982315,17.479496715703213,16.77325508559007,17.391216278076172,4234900
2010-11-18,17.567783826222534,17.862050816150674,17.54816552798629,17.636445999145508,2795700
2010-11-19,17.646245480994022,17.695291199715573,17.273507373224586,17.361787796020508,2178700
2010-11-22,17.312747920777444,17.518736267128354,17.14599616264709,17.42064666748047,1916800
2010-11-23,17.26370829920927,17.410841799389516,17.018485175274208,17.214662551879883,2221700
2010-11-24,17.351986913114775,17.78357821791682,17.34217776470058,17.763961791992188,2092100
2010-11-26,17.587400831326924,17.587400831326924,17.420649050387205,17.48931121826172,724800
2010-11-29,17.38141090557761,17.656061423467957,17.106762258590848,17.49911880493164,3150700
2010-11-30,17.351988934192352,17.420651110185407,17.15580968486593,17.273517608642578,2794800
2010-12-01,17.616823434935426,17.616823434935426,17.35198395649344,17.459880828857422,2444700
2010-12-02,17.459890749319186,17.999382901284616,17.371610249377653,17.969955444335938,2564200
2010-12-03,17.85224055412755,18.489820173009914,17.85224055412755,18.372112274169922,2588100
2010-12-06,18.274020516219025,18.69580445356405,18.185741941124434,18.636951446533203,2381600
2010-12-07,18.803707519557047,18.911606283030782,18.548675269194266,18.705617904663086,2153600
2010-12-08,18.63694875013978,19.225484348009022,18.558477461817418,19.156822204589844,3481800
2010-12-09,19.166638498407558,19.637466403954587,19.088165309912597,19.362815856933594,2607400
2010-12-10,19.402051664394836,19.64727475578601,19.362815071738467,19.55899429321289,1864900
2010-12-13,19.657087458558873,19.872883144480294,19.421671601857618,19.4412899017334,2037500
2010-12-14,19.43147561379825,19.755169992542363,19.421666466454056,19.676698684692383,2056600
2010-12-15,19.676704218966844,20.078870018674188,19.627660339355344,19.725749969482422,1927800
2010-12-16,19.696315686549532,19.78459613594913,19.353003035651465,19.42166519165039,2644200
2010-12-17,19.37262145926968,19.49032934956149,18.862557052844235,19.097970962524414,4650900
2010-12-20,19.097970962524414,19.35300316573714,19.03911795283023,19.097970962524414,1961400
2010-12-21,19.186261294913237,19.627663772234353,18.98027471943299,19.549192428588867,1981200
2010-12-22,19.549185571428534,19.83364339077656,19.519758126294427,19.73555564880371,1683600
2010-12-23,19.666887226698226,19.666887226698226,19.264721587354313,19.39223861694336,1392500
2010-12-27,19.264723171117097,19.362812770194974,19.1372080019483,19.274532318115234,802500
2010-12-28,19.30395917305321,19.441283485051066,19.205869576953273,19.42166519165039,842400
2010-12-29,19.43148022210649,19.676703351156966,19.362818045317,19.480525970458984,912100
2010-12-30,19.490330473393886,19.539374339149717,19.36281342898304,19.402050018310547,849000
2010-12-31,19.353007127619094,19.804218616720842,19.313772403425453,19.539377212524414,1275400
2011-01-03,19.637459499081032,19.970962949303825,19.59822291862982,19.65707778930664,1745700
2011-01-04,19.68651097260211,20.6085503901089,19.68651097260211,20.481033325195312,4804700
2011-01-05,20.451607967827428,20.765493252653883,20.314281752537948,20.431989669799805,2439600
2011-01-06,20.265235436141666,21.010713833216347,20.049439796555696,20.853771209716797,2890100
2011-01-07,20.677210678355642,20.99109593124167,20.63797595719673,20.75568199157715,2366800
2011-01-10,20.637971571702522,21.040137200366964,20.3535119524064,21.010709762573242,1722200
2011-01-11,21.049951428053586,21.275558117181937,20.863583206513688,20.991098403930664,2363900
2011-01-12,21.089186012977205,21.383452976424696,21.059758568270965,21.206893920898438,1632900
2011-01-13,21.157844989683053,21.32459674273591,20.91262193348199,20.951858520507812,1449400
2011-01-14,20.961662984875776,21.795419692993164,20.873382554691084,21.795419692993164,2326000
2011-01-18,21.785612713198915,22.168161905646357,21.5894354151084,22.128925323486328,2058400
2011-01-19,22.334918882163834,22.56052366984541,21.530587468061753,21.78561782836914,2703100
2011-01-20,21.746384143157652,21.90332677431221,21.432498880848534,21.815046310424805,1549300
2011-01-21,22.011224476324642,22.109314083805156,21.452116145860455,21.510969161987305,2244700
2011-01-24,21.560013632758974,23.266766115361087,21.560013632758974,22.952880859375,4591200
2011-01-25,22.815560202973472,22.854794930840217,22.354541392841195,22.619380950927734,2201000
2011-01-26,22.776318481715013,23.16867689756347,22.75670205764546,23.129440307617188,1855300
2011-01-27,23.011732886740393,23.345236424597815,22.786128102573205,23.198102951049805,2582500
2011-01-28,23.217722242788586,23.296193556775258,22.580142582783896,22.678232192993164,1964500
2011-01-31,23.03134822573354,23.413897452937306,22.756699609273113,23.27657127380371,2054400
2011-02-01,23.355049945439294,23.678744396217013,23.355049945439294,23.433521270751953,2095200
2011-02-02,23.394282377449567,23.394282377449567,22.943070934076378,23.149059295654297,2934300
2011-02-03,23.060781406348738,23.17848745102118,22.717468679397058,22.89402961730957,1965700
2011-02-04,22.962686993245622,23.404089245849338,22.90383398319961,23.13924789428711,1996100
2011-02-07,23.168677937599753,23.45313574386518,23.09020662508822,23.15886878967285,1659700
2011-02-08,23.129444526026763,23.296196321903917,22.982311028700785,23.031354904174805,1839400
2011-02-09,23.021544193624024,23.12944295743409,22.68804062448726,23.041162490844727,1790000
2011-02-10,22.943072008626018,23.551226103159077,22.79593852683852,23.345237731933594,2041700
2011-02-11,23.198108435527036,23.55123035224994,23.109827956346308,23.52180290222168,1062200
2011-02-14,23.433514890827066,23.62969408614966,23.276572282930378,23.413898468017578,1933000
2011-02-15,23.34524101982187,23.374668468685353,22.992120987980027,23.109827041625977,1479600
2011-02-16,23.198100568568375,23.531604072174463,23.021539670082397,23.511985778808594,1625900
2011-02-17,23.40409476408375,23.717980052875184,23.14906249921474,23.570846557617188,1568600
2011-02-18,23.521796599606155,23.590458760370158,23.12944005888073,23.2863826751709,2373700
2011-02-22,22.933259031275924,23.05096691959476,21.991603408338882,22.197589874267578,4557000
2011-02-23,20.520265094322195,22.26625390048056,20.48102850791478,22.197589874267578,6695300
2011-02-24,21.667910249507084,21.942560756801196,21.10880195867936,21.412878036499023,3314700
2011-02-25,21.461927685987593,21.854286193847656,21.344221630352795,21.854286193847656,2062900
2011-02-28,21.91313629163858,22.57033427225438,21.84447412321516,22.374155044555664,3237500
2011-03-01,22.540909737093926,22.707661540896094,21.883711671627033,21.962182998657227,2677500
2011-03-02,22.01122307711046,22.364343022327997,21.893515181435596,22.236827850341797,2877900
2011-03-03,22.34472816761094,22.48205249645346,21.86409114575845,22.227020263671875,2163800
2011-03-04,22.256447966649528,22.31530098385281,21.844473104419173,22.070077896118164,1761800
2011-03-07,22.187781350607622,22.28586906930235,21.609054829972848,21.834659576416016,1815500
2011-03-08,21.9033305902983,22.207406757273272,21.618872723361473,22.08970069885254,1333400
2011-03-09,22.070080676520536,22.168170298152525,21.903328881017337,22.040653228759766,929800
2011-03-10,21.726763121602893,21.726763121602893,21.26574443426954,21.35402488708496,1406600
2011-03-11,21.39326376499702,21.922946584900618,21.17746809998289,21.913137435913086,2054100
2011-03-14,21.68752756827924,22.02103107252685,21.53058496285724,21.658100128173828,2714900
2011-03-15,21.020524911135347,21.599251590017012,20.951862740912745,21.403072357177734,2380300
2011-03-16,21.393267585250744,21.59925600896512,20.57912678294082,20.922439575195312,2371100
2011-03-17,21.295170074756637,21.344215810317607,21.030330586341442,21.138227462768555,1591500
2011-03-18,21.383452412139892,21.45211644797582,21.10880375241089,21.24612808227539,1891600
2011-03-21,21.45211880529536,21.795429667682185,21.36383833470907,21.697341918945312,1511600
2011-03-22,21.66791196373613,21.7954271448766,21.37364500977894,21.461923599243164,1441500
2011-03-23,21.412879985288036,21.815045700235572,21.1480386010337,21.687530517578125,1212200
2011-03-24,21.81504117905702,22.29567810777466,21.75618817394349,22.158353805541992,1496500
2011-03-25,22.24663532373886,22.433005364991942,22.060265282485783,22.079883575439453,1161500
2011-03-28,22.079886640289907,22.079886640289907,21.510969161987305,21.510969161987305,1275800
2011-03-29,21.530580273342114,21.90331841230846,21.32459197927682,21.795419692993164,1805000
2011-03-30,21.913132893652183,22.09950294397589,21.903323746697936,22.001413345336914,1456800
2011-03-31,22.021031639245404,22.16816510175213,21.92294204060643,22.001413345336914,1434200
2011-04-01,22.16816978154858,22.35453987121582,22.07988931122746,22.35453987121582,1369900
2011-04-04,22.383961178456634,22.54090379111775,22.109312541751436,22.177974700927734,1204100
2011-04-05,22.07988765339144,22.22702113591138,21.824855410601803,21.922945022583008,1693500
2011-04-06,22.060270797705133,22.540907869812262,22.021036072892233,22.403583526611328,1916700
2011-04-07,22.383959917895982,22.442812926603693,22.08969300345401,22.197589874267578,1189900
2011-04-08,22.334923836617143,22.423204315884725,21.97199276952774,22.08970069885254,1137600
2011-04-11,22.14855194091797,22.344731183661768,22.001418444312076,22.14855194091797,1378700
2011-04-12,21.932754888271255,22.06027007838511,21.54039642751276,21.560014724731445,1278500
2011-04-13,21.667914880053065,21.726767904584886,19.774792107660232,20.500652313232422,4545400
2011-04-14,20.412365283738335,20.922429654905418,20.353512278112387,20.530073165893555,2400800
2011-04-15,20.559500434837588,20.94204968032579,20.5300748650409,20.579118728637695,2003100
2011-04-18,20.314272318868646,20.461407614844322,20.01019632426472,20.216184616088867,1745900
2011-04-19,20.25542597765944,20.530076500023252,20.25542597765944,20.461414337158203,1615100
2011-04-20,20.70663864688947,20.736064220778065,20.392753386052917,20.441797256469727,1913900
2011-04-21,20.608549542341045,20.873390939278696,20.569312948318974,20.785110473632812,1369300
2011-04-25,20.765494491052273,20.765494491052273,20.402563439512527,20.412372589111328,1180400
2011-04-26,20.54969805942887,20.647785810013936,20.42218099022202,20.500652313232422,2300000
2011-04-27,20.549693158841006,20.637973610038017,20.30447009905008,20.579118728637695,2608800
2011-04-28,20.500646951313474,21.000902206252604,20.412366502153425,20.893003463745117,3214400
2011-04-29,20.942048903533966,21.29516882432046,20.902812317389134,21.265743255615234,2432500
2011-05-02,21.44231003890996,21.44231003890996,20.951863802857332,21.049951553344727,2023900
2011-05-03,21.03032840268547,21.0891814083442,20.765487070866214,21.020519256591797,2585300
2011-05-04,19.666889825595856,19.863069033547887,18.50943848557035,18.754661560058594,9791200
2011-05-05,18.646767981968736,19.147023417224453,18.558487500988075,18.96065330505371,3552200
2011-05-06,19.254917361968857,19.529567912817033,19.14702046809235,19.205873489379883,2683300
2011-05-09,19.176448531839227,19.421671668414685,18.911608966224815,19.333391189575195,1719700
2011-05-10,19.333388411247984,19.480523768772244,19.20587322175125,19.362815856933594,1857200
2011-05-11,19.274535132492975,19.42166861714179,19.009693737582843,19.24510955810547,2374400
2011-05-12,19.127398717256938,19.470711376106348,18.950837814368473,19.215679168701172,1973100
2011-05-13,19.294151441949815,19.431475764023048,19.05873751657989,19.353004455566406,3411900
2011-05-16,19.303959759109645,19.41185850518566,19.176442719037357,19.274532318115234,2475200
2011-05-17,19.13720927381624,19.245108027063257,18.636953969085,18.764469146728516,3215800
2011-05-18,18.81351716243774,19.137211590459813,18.7350458426416,19.048931121826172,2096600
2011-05-19,19.176442719037357,19.3431944761987,19.088162266957614,19.274532318115234,1326300
2011-05-20,19.25491709365681,19.549185937801546,19.147020201283816,19.362815856933594,3089700
2011-05-23,18.96065065319253,19.205873761418456,18.931223206680038,19.048931121826172,1684800
2011-05-24,19.07835537743486,19.205870549187413,18.793895721435547,18.793895721435547,1490700
2011-05-25,18.71543061776638,19.127405582062348,18.529060501062354,19.029315948486328,1600800
2011-05-26,18.92141390146146,19.068547376452017,18.78408770335378,18.990076065063477,1716400
2011-05-27,19.02930911888518,19.37262177773459,19.02930911888518,19.215679168701172,1727500
2011-05-31,19.362818108598223,19.41186385711101,19.284346781881773,19.37262725830078,2849000
2011-06-01,19.303961842772708,19.392242304381412,18.94103084828096,18.95083999633789,2905400
2011-06-02,18.931221654964517,19.26472520448815,18.931221654964517,19.058738708496094,2178200
2011-06-03,18.784089222397498,19.019503175600725,18.656574032668,18.705617904663086,1507300
2011-06-06,18.587907057837366,18.7448496527306,18.136695694341842,18.185741424560547,2486300
2011-06-07,18.254405828691304,18.72523367147462,18.254405828691304,18.578100204467773,2489300
2011-06-08,18.519249931769316,18.70562003419467,18.146511597822613,18.65657615661621,2388200
2011-06-09,18.656570953688433,18.705614817589584,18.519244767138943,18.617334365844727,1130300
2011-06-10,18.53886246536478,18.627142914272984,18.264213842897853,18.381919860839844,1915800
2011-06-13,18.499630232398694,18.53886495334365,18.24459799809362,18.342687606811523,1485200
2011-06-14,18.587913979644767,18.715429183891164,18.499633503280336,18.65657615661621,2322800
2011-06-15,18.50943964615473,18.74485358791601,18.401540887925254,18.46039390563965,1751400
2011-06-16,18.489821349948695,18.705616995503945,18.283832981592763,18.46039390563965,2129400
2011-06-17,18.57810530472757,18.65657663340091,18.303454718918857,18.45058822631836,3116200
2011-06-20,18.391732899373693,18.587912131995207,18.313261580505852,18.548675537109375,992600
2011-06-21,18.64676461923818,18.91160601441905,18.529056708856537,18.862560272216797,1418500
2011-06-22,18.86255948963383,19.323580092689042,18.82332476840359,19.058738708496094,1667600
2011-06-23,18.81351591608621,19.470713877430015,18.735044601488607,19.451095581054688,2368800
2011-06-24,19.431477998773033,19.51975846480255,18.950840945336672,19.088165283203125,2096200
2011-06-27,19.088168052999738,19.40205523937573,19.088168052999738,19.333391189575195,1481600
2011-06-28,19.382431650096702,19.578608983279153,19.323578637232323,19.509946823120117,1072400
2011-06-29,19.617851357715264,19.9611641306561,19.362819065556472,19.95135498046875,2810900
2011-06-30,19.84345145152377,20.17695499448246,19.735554567086773,19.81402587890625,2544500
2011-07-01,19.833649991594907,20.176962815468766,19.7551786493584,20.147537231445312,1715600
2011-07-05,20.088677953929817,20.22600417616466,19.921926154069197,20.186767578125,1670100
2011-07-06,20.108290347105108,20.324085960231734,19.91211115633296,20.23580551147461,1141300
2011-07-07,20.37313387893068,20.569311219844586,20.294662568384393,20.461414337158203,1192400
2011-07-08,20.15733549133704,20.15733549133704,19.863068557367093,20.108291625976562,991200
2011-07-11,19.81402957563995,19.81402957563995,19.284346718857005,19.480525970458984,1449300
2011-07-12,19.45109606243306,19.71593745734319,19.24510955810547,19.24510955810547,1215600
2011-07-13,19.40204876915315,19.745359549147782,19.353003035651465,19.42166519165039,1699800
2011-07-14,19.500134628545798,19.588415069498588,18.509435228348075,18.715421676635742,2512300
2011-07-15,18.774278294378572,18.774278294378572,18.440774757891077,18.764469146728516,1779400
2011-07-18,18.715429024303724,18.84294422746279,18.509442495145848,18.597721099853516,1280500
2011-07-19,18.68599827020837,19.019501814437813,18.68599827020837,18.941030502319336,972300
2011-07-20,19.009695053100586,19.117593822398334,18.87237070737901,19.009695053100586,934700
2011-07-21,19.166633867243767,19.50994462943735,19.078353422421607,19.39223861694336,1005900
2011-07-22,19.372622750406457,19.53937451473977,19.147017972456556,19.353004455566406,827800
2011-07-25,19.176448531839227,19.470717418272212,19.127404652885758,19.333391189575195,653500
2011-07-26,19.264719056718654,19.323573926137744,18.91159919471958,19.156822204589844,1027500
2011-07-27,19.00969430159497,19.039121747759342,18.460395069520075,18.548675537109375,2019100
2011-07-28,18.597715716153548,18.78408576303898,18.21516834651285,18.224977493286133,1772700
2011-07-29,18.058231289158535,18.342691020286487,17.90128863436519,18.16613006591797,2309600
2011-08-01,18.47020611381767,18.597721318475724,17.469695292393546,17.55797576904297,3361500
2011-08-02,17.351989650513154,17.420651829340706,16.665364120429544,16.74383544921875,4939800
2011-08-03,17.66586975984888,18.72523332177941,17.66586975984888,18.56829071044922,6099200
2011-08-04,18.224982099635614,18.224982099635614,17.018484805132626,17.038103103637695,3399700
2011-08-05,17.32256024649334,17.371604119864998,16.45937572718674,17.018484115600586,5363800
2011-08-08,16.557461865220148,16.78306852516002,15.076315143728067,15.164595603942871,4609300
2011-08-09,15.400009584162918,16.79287772025852,15.282302615362973,16.75364112854004,4870500
2011-08-10,16.263195169813418,16.910583974391347,15.802176436524194,16.32204818725586,5716100
2011-08-11,16.390708350898652,17.81300284019073,16.36128278122313,17.410837173461914,3497500
2011-08-12,17.47950177170657,17.665871846261055,17.06752690058302,17.37160301208496,2546900
2011-08-15,17.597212546020454,17.81300822951155,17.45988631934064,17.783580780029297,1632400
2011-08-16,17.489312435732707,17.852243468067293,17.381413666759528,17.469694137573242,2124200
2011-08-17,17.587401374017364,17.852242776194437,17.01848384576873,17.175426483154297,1898700
2011-08-18,16.58689132524154,16.714408392565627,15.782559808534753,15.959120750427246,3152500
2011-08-19,15.772751261451571,16.57708280885793,15.694279936604707,15.949312210083008,3217700
2011-08-22,16.400519407061626,16.400519407061626,15.81198549419413,15.880647659301758,1604100
2011-08-23,15.968925882512622,16.6457401616416,15.792364985034308,16.63593101501465,1285300
2011-08-24,16.557462544857284,17.175425791726568,16.508418674237575,17.155807495117188,1714700
2011-08-25,17.28332061187962,17.35198276345494,16.763447095675566,16.881153106689453,2208200
2011-08-26,16.694783886536733,18.117076300093757,16.429942572177406,17.773765563964844,3060500
2011-08-29,18.097464343559764,18.2445978197465,17.871857684442872,18.009183883666992,2913600
2011-08-30,17.96013940174642,18.950840954755993,17.91109552988511,18.81351661682129,2466700
2011-08-31,19.00968854535688,19.02930683685927,18.656568652830146,18.823320388793945,2207300
2011-09-01,18.803707177393918,19.147019887823767,18.342688427956194,18.421159744262695,2985200
2011-09-02,17.98956846055355,18.11708366136969,17.508931363778938,17.597211837768555,1656700
2011-09-06,16.89096816421261,17.754154611292204,16.881159014711255,17.656064987182617,1899800
2011-09-07,18.028799328488404,18.3230681357697,17.832621994537764,18.254405975341797,1444900
2011-09-08,18.05823169776878,18.293645685285593,17.90128903942423,18.06804084777832,1320500
2011-09-09,17.783576461589842,17.989564816136774,17.244086448416077,17.440265655517578,2017400
2011-09-12,17.106766205388748,17.528550291606116,16.940014400858722,17.4500789642334,1443500
2011-09-13,17.469686628016728,17.989560080345367,17.26370019859975,17.852235794067383,1534400
2011-09-14,17.989567564459477,18.460395488348652,17.479503044794278,18.17593765258789,1530500
2011-09-15,18.45058592079862,18.587912131995207,18.10727319916288,18.548675537109375,1342800
2011-09-16,18.646764327011777,18.67619177187195,18.23478945348802,18.470203399658203,2128300
2011-09-19,18.558481528876854,18.77427715132881,18.185743295386473,18.676189422607422,2536100
2011-09-20,18.872367668132664,19.058737729387012,18.51924584068308,18.538864135742188,1464200
2011-09-21,18.519248090945002,19.372625320673624,18.48982251568445,18.548675537109375,3267700
2011-09-22,17.881674944394405,18.19556033489563,17.62664259688603,17.969955444335938,4158800
2011-09-23,17.901285139990666,18.76446957285836,17.724724220087268,18.6663818359375,2854400
2011-09-26,18.88217747642851,18.990076232125844,18.489820916034102,18.6663818359375,5085000
2011-09-27,19.1764447430905,19.57861045794482,18.901796081767756,19.058738708496094,2631200
2011-09-28,19.186254299970702,19.186254299970702,18.244598519534616,18.303451538085938,2372300
2011-09-29,18.676195364780412,19.068552017211914,18.381926472278717,19.068552017211914,2943500
2011-09-30,18.69580876646711,18.970459314141983,18.411350941110804,18.43096923828125,3081400
2011-10-03,18.30345342275197,18.362306447363263,17.018484805132626,17.038103103637695,3135500
2011-10-04,16.76344618933244,17.73452914675873,16.312234849099188,17.724720001220703,4292700
2011-10-05,17.83262613909113,18.686001575465173,17.616828589416414,18.597721099853516,2933000
2011-10-06,18.509442394635442,19.431480002388575,18.33288144437089,19.254919052124023,2587000
2011-10-07,19.411855111889782,19.470708112687294,18.480006889897215,18.852745056152344,2981100
2011-10-10,19.215685065874087,19.568806980021915,19.058742408675954,19.4412899017334,1685800
2011-10-11,19.2156803433302,19.392241257011598,18.999884710443816,19.3039608001709,2058500
2011-10-12,19.431475955981558,19.931731253923388,19.215680323319894,19.686508178710938,2418400
2011-10-13,19.470717418272212,19.558997897111702,19.029315024074762,19.333391189575195,2116900
2011-10-14,19.62765481887498,19.74536084519817,19.274532998098287,19.676698684692383,1532200
2011-10-17,19.392240282380563,19.578608463318872,19.068545913867688,19.166635513305664,1879900
2011-10-18,19.15682261397245,19.921917223739808,18.813510018636855,19.65707778930664,2052100
2011-10-19,19.59822752835636,19.794406734949753,19.235298428333227,19.353004455566406,1792900
2011-10-20,19.323583910507747,19.441289968357697,18.81351933741382,19.333391189575195,1697600
2011-10-21,19.666891265768793,20.059249710404593,19.568803525513566,20.000394821166992,1865400
2011-10-24,20.088672162831298,20.559499978154662,20.049437447006063,20.402557373046875,1503300
2011-10-25,20.09848132767129,20.284851372993952,19.84344912641487,19.912111282348633,1368400
2011-10-26,20.255425578408733,20.461413933847304,19.73555385787553,20.17695426940918,1681500
2011-10-27,20.755680250374883,21.412878145061292,20.461413318206326,21.19708251953125,2539100
2011-10-28,21.020520548237272,21.34421490560527,20.853768796205063,21.27555274963379,1965400
2011-10-31,21.049945341942077,21.079372780947217,20.49083709716797,20.49083709716797,1681600
2011-11-01,19.617843861596477,20.078862518818777,19.27453121983786,19.460901260375977,3691200
2011-11-02,20.588933343699992,22.050462943709412,20.373137667296604,21.726768493652344,4640700
2011-11-03,21.971982443022526,22.070072026208532,21.491345543404588,22.011219024658203,3007900
2011-11-04,21.648290871224305,21.677718311179852,21.167653910704228,21.491348266601562,2610500
2011-11-07,21.452115538328446,21.55020327212743,20.216191009244575,20.618356704711914,3672900
2011-11-08,20.63797260081063,20.78510605530945,20.10828991953083,20.549692153930664,3351400
2011-11-09,19.90230624164009,19.951350109699547,19.1666369953264,19.264724731445312,3472800
2011-11-10,19.598227197164956,19.75516981142606,18.254405828691304,18.578100204467773,7701600
2011-11-11,18.175934415259512,18.852748733713376,17.80319430539169,18.793895721435547,3967200
2011-11-14,18.63695118508638,18.695804191291618,18.13669595508356,18.411346435546875,2259100
2011-11-15,18.411345621760045,18.96064468750416,18.293637743648965,18.823320388793945,2824300
2011-11-16,18.597721779848822,19.902310662498156,18.519250450980834,19.333391189575195,4948900
2011-11-17,19.245112978532113,19.57861472992082,18.941034935856617,19.068552017211914,3031400
2011-11-18,19.17644426029649,19.215680851442578,18.793896851140303,18.990076065063477,2481500
2011-11-21,18.695810317993164,18.84294381717423,18.43097076782883,18.695810317993164,1825600
2011-11-22,18.636953108092314,19.00969134705661,18.499628789142868,18.793895721435547,2140200
2011-11-23,18.538862815516573,18.784085873581354,18.3917293548584,18.3917293548584,1956300
2011-11-25,18.34268391371085,18.793893403701908,18.205357740793456,18.509435653686523,1187000
2011-11-28,19.13721087520441,19.598229627913142,19.08816513285001,19.411861419677734,2041600
2011-11-29,19.431481219122016,19.509952549608318,18.950844086030415,19.068552017211914,2933600
2011-11-30,19.843449545378768,20.21618964389392,19.804214828689705,20.196571350097656,2276500
2011-12-01,20.108293616896802,20.785109877123443,20.059249746680493,20.27504539489746,2055900
2011-12-02,20.53007693504385,20.716447003129215,20.226000834096745,20.25542640686035,1339300
2011-12-05,20.628168632884957,20.922435615755365,20.43198939703545,20.588932037353516,1388100
2011-12-06,20.579122943381797,20.677212561568282,20.275046810817162,20.481033325195312,1280200
2011-12-07,20.343707644732373,20.736064220778065,20.15733756952177,20.441797256469727,1510200
2011-12-08,20.235811202587954,20.304475248301653,19.73555768014432,19.794410705566406,2386400
2011-12-09,19.980774584069096,20.61835412862021,19.902303284292085,20.49083709716797,1850800
2011-12-12,20.255419825415856,20.314272822724057,20.059242544087503,20.284847259521484,1720600
2011-12-13,20.41236603669486,20.48102819094178,19.686506037522086,19.843448638916016,2072200
2011-12-14,19.755179004069113,19.814033914981536,19.362822285841684,19.549192428588867,1973900
2011-12-15,19.92192324374289,19.97096898412754,19.617847136972845,19.882688522338867,1568900
2011-12-16,20.020015562465627,20.55950568336793,19.970971686348673,20.510461807250977,3083200
2011-12-19,20.736062082927674,20.794916966444493,19.902305146378307,20.108291625976562,2536000
2011-12-20,20.53007822520068,21.0597591481722,20.500650779684126,20.785110473632812,2100900
2011-12-21,20.677210546257122,20.765491006930286,20.18676437403005,20.696828842163086,1561900
2011-12-22,20.77529715422523,21.412876711851556,20.726251421544188,21.265743255615234,1452000
2011-12-23,21.38345353495357,21.47173400047442,21.08918656381992,21.44230842590332,678600
2011-12-27,21.32459709922553,21.530585442747782,21.148036196464595,21.344215393066406,737600
2011-12-28,21.344213594069785,21.344213594069785,20.765487070866214,21.020519256591797,975400
2011-12-29,21.128428840603238,21.354033703879196,21.03033920020804,21.16766357421875,953900
2011-12-30,21.246129733857234,21.34421935034423,21.118614542056815,21.1284236907959,732000
2012-01-03,21.61887057100407,21.766004064833528,21.079378599090887,21.148040771484375,2087100
2012-01-04,21.03033075906146,21.26574467897701,20.78510769195315,21.19708251953125,936800
2012-01-05,21.089185332837143,21.550204059611055,20.87338969132878,21.461923599243164,1410700
2012-01-06,21.42268530146324,21.50115660080949,21.23631526392714,21.304977416992188,796700
2012-01-09,21.383450703483025,21.51096774608532,21.177464225145737,21.19708251953125,1126500
2012-01-10,21.540388642631424,21.87389209120286,21.471726498084916,21.609052658081055,1014000
2012-01-11,21.46192179467098,21.77580888897755,21.412877930103072,21.628673553466797,980500
2012-01-12,21.70714794379704,21.785619260798196,21.530588883722274,21.716957092285156,1092900
2012-01-13,21.550205740704346,21.63848620795884,21.13823085048465,21.61886978149414,986900
2012-01-17,21.873898585545888,21.92294432542869,21.157847621390015,21.24612808227539,1284200
2012-01-18,21.216698768762594,21.520776716530076,20.40255826748561,21.138227462768555,3537800
2012-01-19,21.17746315357306,21.393258768183916,21.00090225484444,21.27555274963379,1289900
2012-01-20,21.236321520497388,21.25593981883966,20.78511188404849,20.991098403930664,1189100
2012-01-23,21.040140954025926,21.285364033346024,20.30447171606563,20.461414337158203,1946800
2012-01-24,20.284850636842084,20.579117543280024,20.19657019073003,20.49083709716797,1084600
2012-01-25,20.48103281060523,21.167658249755167,20.363326768461924,21.069568634033203,1017100
2012-01-26,21.226510922736306,21.363837130856584,20.942053099801583,21.05975914001465,1062700
2012-01-27,21.010718256287067,21.363840168950325,20.85377559974874,21.25594139099121,1206000
2012-01-30,21.040136898936158,21.412875084466858,20.971472878401187,21.383447647094727,904200
2012-01-31,21.452116313861715,21.56982234703722,20.971477420533457,21.187274932861328,908900
2012-02-01,21.314787477224414,21.834661026999438,21.187272311907826,21.658100128173828,859900
2012-02-02,21.677720943901754,21.795426976212294,21.49135087668914,21.78561782836914,910900
2012-02-03,21.8738956451416,22.04064739652014,21.5011574266561,21.8738956451416,1384600
2012-02-06,21.795421567468345,22.030835444572855,21.658097273549846,22.011219024658203,976300
2012-02-07,21.893511150654355,22.119115882349945,21.716950275100178,22.011219024658203,999000
2012-02-08,21.98179673076462,22.079886336897317,21.658102340159257,21.77581024169922,953200
2012-02-09,21.844479296978392,22.09951160502843,21.77581711229265,22.030847549438477,1249800
2012-02-10,21.824854588633787,21.883707605244492,21.393261434713395,21.461923599243164,878800
2012-02-13,21.628677805793505,21.726767425117842,21.344219967747197,21.530590057373047,1165800
2012-02-14,21.491350571004762,21.785617518499226,21.42268840798296,21.77581024169922,837000
2012-02-15,21.922945608476173,21.922945608476173,21.432499406366656,21.501161575317383,1024800
2012-02-16,21.49135104300035,21.609058947125426,21.363835861859876,21.461923599243164,1038800
2012-02-17,21.638481612651265,21.638481612651265,21.275552542927144,21.324596405029297,1196000
2012-02-21,21.46192629035281,21.569825060088245,21.275558069232932,21.373647689819336,1603500
2012-02-22,21.51096950413895,21.844473052335186,20.481031415566914,20.86358070373535,2721900
2012-02-23,20.745875038312484,21.14804079498165,20.559504948106028,20.87339210510254,2055800
2012-02-24,20.853772344593022,21.04014242172999,20.618358396532315,20.667402267456055,1805300
2012-02-27,20.56931422097248,21.089187898507603,20.324091105873553,20.9322452545166,1890200
2012-02-28,20.922430903766276,21.069564362065215,20.72625171209874,20.893003463745117,929100
2012-02-29,20.794921177699365,20.942054674480875,20.481034014753842,20.500652313232422,1259400
2012-03-01,20.559501570352747,20.942050836969408,20.559501570352747,20.775299072265625,1354000
2012-03-02,20.785107071731876,20.785107071731876,20.45160356074394,20.579118728637695,1076600
2012-03-05,20.481030735568492,20.88319830637329,20.45160516346582,20.843961715698242,1440400
2012-03-06,20.569312140590004,20.68702004713021,20.245617736234067,20.32408905029297,1760300
2012-03-07,20.382943118307203,20.853770983703004,20.324088231955006,20.62816619873047,1003600
2012-03-08,20.775295872933324,21.069562767257402,20.57911669611508,21.010709762573242,2230500
2012-03-09,21.010714143548952,21.255937230251952,20.98128669961927,21.24612808227539,2130500
2012-03-12,21.197084080776563,21.31479011395207,21.069567028782156,21.187274932861328,1439100
2012-03-13,21.334408844107354,21.383452713778304,21.157847919846013,21.36383628845215,2132400
2012-03-14,21.363837557772214,21.54039662162001,21.187276623020605,21.23632049560547,971900
2012-03-15,21.226508118478158,21.481540333118907,21.09899294660955,21.471731185913086,1534400
2012-03-16,21.50115845440355,21.72676322561027,21.481540160149876,21.520776748657227,1664400
2012-03-19,21.44230760246789,21.501160620253767,21.157847919846013,21.36383628845215,1315300
2012-03-20,21.187279223387016,21.187279223387016,20.72625853253033,20.981290817260742,1563400
2012-03-21,20.981282347044953,21.197079815954684,20.73605931121356,20.90281105041504,1801000
2012-03-22,20.7066373901428,20.88319830637329,20.461414311134586,20.843961715698242,1187400
2012-03-23,20.804726763581694,21.04014258436587,20.54969638772241,21.000905990600586,1094900
2012-03-26,21.22650909423828,21.41287915790905,21.049948178224252,21.22650909423828,1322800
2012-03-27,21.255934586344164,21.403068045884112,20.932240226994903,20.951858520507812,2167700
2012-03-28,20.951861606767345,21.049949346973577,20.461415422121323,20.6575927734375,1558000
2012-03-29,20.471226209952707,20.58893225598926,20.382945739973355,20.539888381958008,1398400
2012-03-30,20.687022406971096,20.804728456034738,20.47122673641847,20.500652313232422,1061300
2012-04-02,20.412368690579672,20.775299672803705,20.255426068781073,20.62816619873047,1530200
2012-04-03,20.618358218296898,20.716447830200195,20.4123698462096,20.716447830200195,2347300
2012-04-04,20.51046105095414,21.26574868909027,20.363327557124688,21.148040771484375,3532600
2012-04-05,21.0989961556448,21.589442365108685,21.04995041215612,21.23632049560547,2149200
2012-04-09,20.902811888723107,21.040138066510394,20.4417932363961,20.49083709716797,1861900
2012-04-10,20.343711633442236,20.48103599425693,19.823837898937306,19.95135498046875,2718600
2012-04-11,20.23581272863875,20.490845019239217,20.020017038547934,20.33390235900879,1629400
2012-04-12,20.33389566884677,20.598737022437803,20.245615217649757,20.579118728637695,1679700
2012-04-13,20.50064682765883,20.618354716130053,20.12790861082289,20.343704223632812,1722000
2012-04-16,20.47122067540124,20.74586928916909,20.33389449761395,20.49083709716797,1799000
2012-04-17,20.61835467250751,20.991092888554846,20.520265077472924,20.942049026489258,2550400
2012-04-18,20.775303070867633,20.98128959408114,20.62816957272885,20.72625732421875,1318600
2012-04-19,20.775298736521158,20.853770043883983,20.216190437698085,20.38294219970703,2054300
2012-04-20,20.46141363050745,20.951859772209712,20.422177041137566,20.824342727661133,1325200
2012-04-23,20.530077024780557,20.549695320644485,20.275044791260488,20.422178268432617,1638500
2012-04-24,20.490841338684586,20.74587358347629,20.431988319395348,20.667402267456055,1292600
2012-04-25,20.912620520464696,21.157843560096605,20.814530930431268,21.020519256591797,1378400
2012-04-26,21.00090554976221,21.246128642936362,20.824344623332223,21.206893920898438,795700
2012-04-27,21.334410727392406,21.795429504068135,21.265748555430473,21.638486862182617,1771100
2012-04-30,21.57963400119563,21.766004091422676,21.334410887545676,21.697341918945312,1808700
2012-05-01,21.677722447573927,22.021035162283535,21.530588961528032,21.883708953857422,1702200
2012-05-02,21.815042511312335,22.334916055790124,21.677718200693203,22.197589874267578,3452700
2012-05-03,22.727271917792677,23.600265360546473,22.56052017211914,23.050966262817383,4900000
2012-05-04,23.031353536279372,23.296194938278823,22.56052562443844,22.71746826171875,2636200
2012-05-07,22.71746277147031,23.20790886216855,22.70765362514794,23.050966262817383,2872200
2012-05-08,22.87441235278315,23.01173670140512,22.540908759640704,22.923458099365234,2269000
2012-05-09,22.648806308749307,22.972500735103946,22.570334989357388,22.668424606323242,1842900
2012-05-10,22.972498315671352,23.11963179017232,22.501670448906804,22.599760055541992,2446000
2012-05-11,22.491860536616112,22.825364065297222,22.482051389195657,22.688037872314453,1418300
2012-05-14,22.46242904663086,22.6095624896171,22.35453218625601,22.46242904663086,1028700
2012-05-15,22.41339405456099,22.580145854809167,22.13874348035694,22.168170928955078,1635400
2012-05-16,22.30548858642578,22.65861038001093,22.30548858642578,22.30548858642578,2402400
2012-05-17,22.334921698743635,22.423202169561108,21.58944320678711,21.58944320678711,1884000
2012-05-18,21.736574255681386,21.815045568590197,21.206893361272822,21.24612808227539,2386600
2012-05-21,21.42269166260837,21.74638610239075,21.255939868120237,21.707149505615234,1392900
2012-05-22,21.736570847542467,22.00141218867336,21.569819099893763,21.805233001708984,1735000
2012-05-23,21.618871651450952,22.177980078487792,21.363839376312328,22.168170928955078,1516400
2012-05-24,22.18779021194541,22.50167552729569,21.99161095439946,22.472248077392578,2421300
2012-05-25,22.42319895336155,22.540904983632807,22.07988626841375,22.26625633239746,2417100
2012-05-29,22.442815283425652,22.550714036473572,22.01122401304119,22.099504470825195,2115700
2012-05-30,21.913136320239932,21.952371043288622,21.57963275525908,21.716957092285156,2078000
2012-05-31,21.883710524485014,22.325112885206607,21.53059050681166,22.14855194091797,3292200
2012-06-01,21.707146676043198,21.775810711449854,20.99109571636393,21.187274932861328,3164000
2012-06-04,21.25594074085514,21.334412066724177,20.745876187254435,20.961673736572266,2828200
2012-06-05,20.92243250321464,21.069565972761428,20.765489886244257,20.883197784423828,2483400
2012-06-06,21.128421750807313,21.520778309825722,21.10880345513048,21.510969161987305,1977000
2012-06-07,21.805236293454403,22.10931426624351,21.54039491234273,21.844472885131836,2730100
2012-06-08,21.74638298038973,22.119121241725747,21.55020376648426,22.10931396484375,1426200
2012-06-11,22.276066874929388,22.383965644249454,21.736576770136836,21.756195068359375,1781600
2012-06-12,21.903329971110583,22.00141959762433,21.550208064022694,21.962182998657227,1402000
2012-06-13,21.883702571545328,22.217206040466145,21.70714169142216,21.864086151123047,2026500
2012-06-14,21.913138617769537,22.50167449243638,21.86409474109062,22.442819595336914,2058600
2012-06-15,22.550715975303756,22.717467757576532,22.276065430706304,22.374155044555664,3399100
2012-06-18,22.315304453475125,22.933265907450533,22.1681709521385,22.88422203063965,2554300
2012-06-19,23.011728363838102,23.04115580112526,22.756698057629105,22.79593276977539,2003300
2012-06-20,22.756708333355856,22.854796093464447,22.49186689089282,22.70766258239746,1723700
2012-06-21,22.776323836215457,22.933266491089153,22.246642843742737,22.295686721801758,3352200
2012-06-22,22.42319574936168,22.511476194902738,22.168163559010107,22.393768310546875,1797000
2012-06-25,22.089698375880953,22.13874224991475,21.79542951896655,21.913137435913086,1029500
2012-06-26,22.001414310624718,22.33491783808725,21.95236857370166,22.13873863220215,1726600
2012-06-27,22.21721579094446,22.540910256262443,22.138744462106892,22.472248077392578,1440600
2012-06-28,22.325109461941732,23.119631718507037,22.21721070788712,23.090206146240234,2083000
2012-06-29,23.36485572158537,23.610078811645508,23.149060075857783,23.610078811645508,2505800
2012-07-02,23.668935246689934,23.786643170110914,23.30600606870787,23.433521270751953,1954100
2012-07-03,23.394282163049567,23.58065222735898,23.168677378882375,23.198102951049805,1445800
2012-07-05,23.178486982297265,23.492374127185215,23.050971791330134,23.374666213989258,2171800
2012-07-06,23.100010123525863,23.178481423201447,22.91364195611095,23.050966262817383,1100500
2012-07-09,23.07058455546212,23.100010123525863,22.884214517143846,23.050966262817383,1197100
2012-07-10,23.168683164982447,23.256961774434874,22.540910652346742,22.6488094329834,1283700
2012-07-11,22.629190331134367,22.69785250877861,22.119125767342844,22.295686721801758,1620800
2012-07-12,22.138741797249924,22.73708677692819,22.011226604826994,22.668424606323242,1872900
2012-07-13,22.638997144136933,22.972500719045414,22.629187995356823,22.943073272705078,1143300
2012-07-16,22.894035226697522,22.952888263453634,22.678239511322236,22.835182189941406,1088300
2012-07-17,22.87441139150979,23.100016203594773,22.786130922275866,23.060781478881836,1174200
2012-07-18,22.933258377852326,23.188290569523815,22.884214517143846,23.050966262817383,1603900
2012-07-19,22.550716375892332,22.67823343743283,21.864092808557253,22.276065826416016,3225600
2012-07-20,22.0308436899706,22.0308436899706,21.540397461386352,21.58944320678711,2153900
2012-07-23,21.28535727191864,21.962171408797246,21.216693259961527,21.795419692993164,1583200
2012-07-24,21.815043606451177,22.04064837690919,21.520776677236686,21.628673553466797,1745200
2012-07-25,21.766001830960484,21.991606623071796,21.54039516794548,21.687530517578125,1423000
2012-07-26,21.9916054680345,22.334918147639815,21.90332501125303,22.256446838378906,1147200
2012-07-27,22.39376751167705,22.825360577714193,22.23682491873687,22.697843551635742,1754800
2012-07-30,22.629183960365662,23.041158781152316,22.629183960365662,22.825363159179688,1121000
2012-07-31,22.864605541449187,22.903842142726926,22.413395852179903,22.55072021484375,1416400
2012-08-01,22.668425684662125,22.88422135552936,22.001418502649322,22.040653228759766,2402400
2012-08-02,23.119633569427897,23.649316363479407,22.60956907239395,23.472755432128906,4660400
2012-08-03,23.99262142623637,24.404596209829386,23.816062408327927,24.237844467163086,2837000
2012-08-06,24.394796418998745,24.453649443024545,23.884731888364737,24.01224708557129,2489500
2012-08-07,24.19861608058243,24.590972674472138,23.943583826828167,24.090717315673828,1829200
2012-08-08,24.02205624471963,24.414412856561356,23.87492274914197,24.286897659301758,1073900
2012-08-09,24.257467877782855,24.26727702599805,23.884729600123883,24.110334396362305,1284900
2012-08-10,24.022051271286212,24.30651092529297,23.835681217657772,24.30651092529297,1469900
2012-08-13,24.16918863445177,24.345749569428094,23.953392975538385,24.090717315673828,1036000
2012-08-14,24.149571861642205,24.26727790266936,23.92396518634987,24.080907821655273,1716200
2012-08-15,24.100522233318692,24.335936148323466,23.943579623315507,24.296701431274414,589800
2012-08-16,24.28689146297163,24.659629681398357,24.188801867310886,24.60077667236328,1400600
2012-08-17,24.67924957759825,24.67924957759825,24.149568720073574,24.483070373535156,1971500
2012-08-20,24.4242173346701,24.45364477651929,24.061288239714447,24.20842170715332,972400
2012-08-21,24.32613238503398,24.48307502977067,24.228044635251475,24.286897659301758,1256900
2012-08-22,24.178995995274416,24.198614291244205,23.825876022336633,23.874919891357422,1131200
2012-08-23,23.87491885197533,24.277084547329512,23.77682924730035,23.845491409301758,1433200
2012-08-24,23.776835055450086,23.8945429839942,23.600274098085944,23.737600326538086,1142000
2012-08-27,23.855305879129286,23.86511502887563,23.600273598436463,23.668935775756836,898900
2012-08-28,23.7081662594571,24.129950235234723,23.649313247063617,23.767019271850586,1264300
2012-08-29,23.776829269289056,23.90434631675554,23.374663573562955,23.46294403076172,1251600
2012-08-30,23.315815601908067,23.374668629135023,23.10982720025771,23.168682098388672,752000
2012-08-31,23.315813268020975,23.69836071305963,23.266767524487932,23.541418075561523,2106500
2012-09-04,23.521798349551563,23.7670214396117,23.443327035568466,23.610078811645508,1344900
2012-09-05,23.60026605709684,23.708164798924106,23.462941746337346,23.561031341552734,987900
2012-09-06,23.74740076440764,24.375173084286732,23.74740076440764,24.30651092529297,1211400
2012-09-07,24.335933540607602,24.443832275011715,24.237843952140526,24.277080535888672,938500
2012-09-10,24.228042002614025,24.365366334110888,23.992626190185547,23.992626190185547,1208900
2012-09-11,24.080907512525226,24.110334957856146,23.80625883971837,24.07110023498535,1314100
2012-09-12,24.2280426836477,24.453647483420916,24.061290903184076,24.394794464111328,1534000
2012-09-13,24.434023363556943,25.483577667149195,24.375170358273227,25.20892906188965,2754100
2012-09-14,25.179503806650214,25.571860327394553,25.15988551288713,25.326637268066406,2851400
2012-09-17,25.17950376914776,25.277593366913617,24.983324573616045,25.05198860168457,1404700
2012-09-18,24.94409037436993,25.130460426899862,24.826382480429054,25.012752532958984,761400
2012-09-19,24.973518105977995,25.248168635006977,24.816575481076764,24.855812072753906,1698700
2012-09-20,24.64982112393533,24.728292428158905,24.27708289659921,24.453643798828125,1958400
2012-09-21,24.394795463410066,24.64001856996628,24.26727840029469,24.42422103881836,2221800
2012-09-24,24.394792957976872,24.659632463970706,24.208422892281956,24.571352005004883,1739000
2012-09-25,24.69887116435424,24.796960779460377,24.237850534626546,24.24765968322754,1604500
2012-09-26,24.277087474727438,24.4144118152892,24.100526539202992,24.257469177246094,1350100
2012-09-27,24.394795388711678,24.47326670773323,24.198616155705885,24.257469177246094,1381900
2012-09-28,24.12995299008229,24.3849852341084,24.012245080953416,24.228042602539062,1545800
2012-10-01,24.129952645659873,24.43402875612222,24.031863034603198,24.218233108520508,1777100
2012-10-02,24.178993331107655,24.453643831711233,24.178993331107655,24.345745086669922,1886100
2012-10-03,24.394790960027567,24.522306128699274,24.31631965525187,24.404598236083984,1133000
2012-10-04,24.522312099849508,24.67925474761623,24.29670727754784,24.355560302734375,1791400
2012-10-05,24.453641420948752,24.54192186347879,24.19860923929567,24.277080535888672,2020100
2012-10-08,24.24765468536957,24.326125987099438,24.11033037506816,24.159374237060547,837300
2012-10-09,24.169190997870363,24.198618446878626,23.698363039162135,23.717981338500977,1002900
2012-10-10,23.73759682915466,23.835684572434914,23.433518838093782,23.472755432128906,1444700
2012-10-11,23.698359273739456,23.874920197927345,23.36485572158537,23.610078811645508,2338700
2012-10-12,23.68855413258589,24.031866890922732,23.619891955099323,23.8356876373291,2786700
2012-10-15,23.835685000018454,23.963202062016336,23.570845469145574,23.649316787719727,2060900
2012-10-16,23.80625935983832,24.071100760891568,23.77683191386447,24.031864166259766,1773200
2012-10-17,24.100523145109918,24.149568881906134,23.698357457898755,23.77682876586914,2238700
2012-10-18,23.76702191895254,24.090716329524145,23.66893230676944,23.678741455078125,2480900
2012-10-19,23.570837636760373,23.629690638408693,22.992111152992873,23.100008010864258,1971800
2012-10-22,23.060782980605186,23.10982685741607,22.71747023021708,22.88422203063965,1296700
2012-10-23,22.589948555736573,22.854788033901936,22.482049812581852,22.805744171142578,1152800
2012-10-24,22.894035226697522,22.96269741473037,22.717474245524873,22.835182189941406,640800
2012-10-25,23.090200736342197,23.207906739638833,22.864594133367795,23.100008010864258,869300
2012-10-26,23.129441000093802,23.325620213891476,22.943070934076378,23.149059295654297,1244400
2012-10-31,24.816572823804655,25.581669441452018,24.5321150482188,25.43453598022461,8624300
2012-11-01,25.581669859364037,25.836702069412798,24.85580981733457,25.228548049926758,4019400
2012-11-02,25.473775325809118,25.562055792768298,24.904857800352087,24.963712692260742,2087700
2012-11-05,24.84600935971204,25.601297106976258,24.70868499508369,25.48358917236328,1801800
2012-11-06,25.620904971485757,26.150585784223793,25.55224094623701,25.895553588867188,2842900
2012-11-07,25.552245603789466,26.18001799559619,25.150079879973013,26.14078140258789,3247700
2012-11-08,26.091735768388066,26.091735768388066,25.51300915696456,25.542436599731445,1946300
2012-11-09,25.571860054224807,26.013262304661605,25.552241760671293,25.59147834777832,1920600
2012-11-12,25.591485447408694,25.74842809756918,25.12065749692724,25.35607147216797,1967700
2012-11-13,25.159885997207454,25.503198661056217,25.002943385888617,25.012752532958984,2223500
2012-11-14,25.101037988099996,25.15008186232232,24.49288384486223,24.551738739013672,2281400
2012-11-15,24.58116258469464,24.777341809580857,24.29670476660374,24.5026912689209,1823900
2012-11-16,24.522307961721413,24.698868878390385,24.257466586717953,24.620397567749023,1879400
2012-11-19,24.865619522602746,24.944090829694563,24.600778159579033,24.806766510009766,1825900
2012-11-20,24.88523837915102,25.130461453214416,24.47326353988837,24.659631729125977,2689600
2012-11-21,24.66944104819269,24.953900714118596,24.54192587199033,24.718486785888672,1352200
2012-11-23,24.8067688114415,24.983327865600586,24.649824311793903,24.983327865600586,497900
2012-11-26,24.816578394673016,25.26778989741639,24.78715281836411,25.15989112854004,1666400
2012-11-27,25.081418578864007,25.169699045276193,24.600781523344217,24.63020896911621,1576900
2012-11-28,24.610588420055898,24.718487173776634,24.228041014542203,24.620397567749023,1442900
2012-11-29,24.689064211687672,24.983331212275452,24.649827613793857,24.914669036865234,1868800
2012-11-30,25.40511569380755,25.77785589617925,25.267791340777972,25.365880966186523,4051600
2012-12-03,25.51301273356763,25.640527928292947,25.15008170551211,25.31683349609375,1299000
2012-12-04,25.336444944434586,25.669948435436783,25.336444944434586,25.611095428466797,2079300
2012-12-05,25.562051147714104,25.669949892369154,25.130459910900843,25.43453598022461,2133700
2012-12-06,25.41491551583431,25.454152099958993,25.032368175135193,25.20892906188965,1540800
2012-12-07,25.346258595847313,25.54243781515442,25.208934264874557,25.52281951904297,1541800
2012-12-10,25.56205629798972,26.533139582829854,25.56205629798972,26.405624389648438,3383900
2012-12-11,26.415429511850014,26.533135538243563,26.130969851409084,26.45466423034668,2227800
2012-12-12,26.64103685449454,27.170719636999987,26.562565539038594,26.85683250427246,2856200
2012-12-13,26.856838479326008,26.886265930757848,26.39581963231877,26.533143997192383,1740700
2012-12-14,26.503712177598576,26.699889528250885,26.464475584925886,26.57237434387207,1241800
2012-12-17,26.631221747201014,26.739120483398438,26.40561699960942,26.739120483398438,1565300
2012-12-18,26.837219423079496,27.19033945118572,26.75874809784434,27.062824249267578,2226100
2012-12-19,27.425748140213535,27.425748140213535,26.748933792114258,26.748933792114258,1484300
2012-12-20,26.709700808361177,27.082440984888628,26.660656934509394,27.0726318359375,1496600
2012-12-21,26.788168340084965,27.003965844679175,26.60180014908546,26.690078735351562,2261000
2012-12-24,26.78816959648951,26.935303075038593,26.542946508606477,26.67046356201172,557100
2012-12-26,26.650843957368302,26.72931526680167,26.435048324152444,26.52332878112793,1143900
2012-12-27,26.493907239883804,26.523334689064974,26.003460978954973,26.474288940429688,1355400
2012-12-28,26.317342245125047,26.376195263545494,25.944603967257265,25.974029541015625,1108000
2012-12-31,25.895557327831177,26.788169205008536,25.895557327831177,26.768552780151367,1672300
2013-01-02,27.317842636652827,27.455166918277904,27.092237925153622,27.37669563293457,1869000
2013-01-03,27.376710369469095,27.415946968712834,27.04320675951343,27.14129638671875,1829200
2013-01-04,27.239380628225796,27.670971909149664,27.219762332482805,27.425748825073242,1875200
2013-01-07,27.317848566243736,27.91619154527388,27.28842112626386,27.710205078125,2499700
2013-01-08,27.7396381057691,27.965242911682036,27.58269546940325,27.926006317138672,1853200
2013-01-09,27.965237744346297,28.39683085005576,27.808295136979847,28.26931381225586,1748200
2013-01-10,28.387022948822935,28.651862441060015,28.28893334718898,28.632246017456055,2043200
2013-01-11,28.543967375341047,28.622438687449673,28.3870247511238,28.465496063232422,1522300
2013-01-14,28.29874725410845,28.573395939793404,27.984861972809153,28.112377166748047,1790700
2013-01-15,27.906390508461584,28.32817268371582,27.847535615343823,28.32817268371582,1178700
2013-01-16,28.249704530235746,28.249704530235746,27.700405229227265,28.03390884399414,1347900
2013-01-17,28.122180800281942,28.230079546156237,27.926001602492953,28.06332778930664,1701400
2013-01-18,28.151612279381776,28.288936614990234,27.896580034034812,28.288936614990234,1178500
2013-01-22,28.21046447432743,29.103076371502674,28.21046447432743,28.86766242980957,2661300
2013-01-23,28.8578581341096,28.8578581341096,28.45569234889742,28.62244415283203,1660800
2013-01-24,28.73033406458947,29.367913634357613,28.593007881370767,29.024600982666016,1873300
2013-01-25,29.054027147047954,29.318866613326144,28.985363123001978,29.152114868164062,1575000
2013-01-28,29.21097009422885,29.2600139553717,28.848039160700257,29.161924362182617,1235500
2013-01-29,29.171737761012547,29.358107828148995,29.014795137393538,29.338489532470703,1695700
2013-01-30,29.289447382775172,29.318872957115538,28.396835456978007,28.4556884765625,2242100
2013-01-31,28.357595580368553,28.514538195027175,28.14179995293883,28.41644859313965,1561400
2013-02-01,28.661676409021812,28.779384324960976,28.043714995326805,28.112377166748047,2411500
2013-02-04,27.876957911327274,27.945620069708063,27.23937832091546,27.63173484802246,2839000
2013-02-05,27.7396335945657,27.82791404702771,27.4257465019766,27.63173484802246,2519100
2013-02-06,27.631739504544942,28.11237656511129,27.514031591124862,27.984861373901367,2335600
2013-02-07,27.994669615411944,28.131993950865454,27.710209925225385,28.014286041259766,1361200
2013-02-08,28.073138052636104,28.13199106595174,27.769060096880928,27.8769588470459,1473200
2013-02-11,27.74944918036803,27.96524485262252,27.631741259472168,27.65135955810547,1366200
2013-02-12,27.710205981647853,28.122180800281942,27.710205981647853,28.06332778930664,1658100
2013-02-13,28.220275734232654,29.02460722960048,28.220275734232654,28.436071395874023,2305600
2013-02-14,28.347785535473225,28.82842251150911,28.288932524565674,28.553773880004883,1515300
2013-02-15,28.47530323815263,28.485112385349524,28.082944833891023,28.19084358215332,1541800
2013-02-19,28.26931239492246,28.642052471907366,28.210459387836607,28.337974548339844,2405000
2013-02-20,28.298738856885468,28.337973569953643,27.523833161578512,27.602304458618164,2957700
2013-02-21,27.111862864123683,28.328169104661846,27.111862864123683,27.896577835083008,4230100
2013-02-22,28.14179836670153,28.328166541789123,27.906384457982906,28.151607513427734,2845200
2013-02-25,28.367415434546817,28.50473980647846,27.621936798095703,27.621936798095703,2189800
2013-02-26,27.661162219070157,27.739633524292763,27.239378251909827,27.357084274291992,2220600
2013-02-27,27.47479161472064,27.631734222007807,27.35708372380354,27.50421905517578,1803200
2013-02-28,27.563072928850588,27.994666047865664,27.337468157669065,27.85733985900879,2519100
2013-03-01,27.602313811522222,27.827920503997294,27.08244199406733,27.65135955810547,3249300
2013-03-04,27.63173852875907,28.2006560365738,27.40613372948338,27.8475341796875,2166600
2013-03-05,28.063336674164614,28.514546352667484,28.00448177365235,28.48512077331543,1611800
2013-03-06,28.5439679409104,28.93632450922766,28.534158792839506,28.700910568237305,1423500
2013-03-07,28.69110142016641,28.828425751351528,28.504731348626827,28.700910568237305,1116400
2013-03-08,28.857855315934657,29.034416252376406,28.642059655230206,28.926517486572266,1581200
2013-03-11,28.955945761977695,29.338493221284885,28.85785614215681,29.279640197753906,1593100
2013-03-12,29.279636199216295,29.279636199216295,28.798999185725823,28.94613265991211,1394900
2013-03-13,28.926520547827145,29.03441932505007,28.7009157144556,29.014801025390625,1241800
2013-03-14,29.07364391540278,29.201160947819602,28.955937900298583,29.161924362182617,933200
2013-03-15,29.0540325019055,29.161929389200026,28.66167406151329,28.86766242980957,1991700
2013-03-18,28.51454251855095,28.93632656098793,28.367409028862284,28.759765625,786900
2013-03-19,28.83823524690657,28.87747183966292,28.337979914685384,28.71072006225586,1309000
2013-03-20,28.83823186795063,29.2109719718474,28.78918800365534,28.887277603149414,1199400
2013-03-21,28.65186164086664,28.710716522745425,28.00447290742785,28.06332778930664,2008000
2013-03-22,28.18103859358032,28.465498291556823,28.063332551654995,28.20065689086914,1479900
2013-03-25,28.239890517946236,28.377214842730083,27.75925163939555,27.896577835083008,1200500
2013-03-26,28.014286127106985,28.141803185479226,27.690591713329102,27.906389236450195,1416000
2013-03-27,27.720016960432346,27.818106565808833,27.180525066313457,27.788679122924805,1777200
2013-03-28,27.87696618656315,28.09276187280475,27.788685707895205,28.03390884399414,1719900
2013-04-01,28.07312992739679,28.07312992739679,27.03338305796886,27.37669563293457,1923000
2013-04-02,27.396323587732166,27.553266213789986,26.17020815234067,26.503711700439453,4017200
2013-04-03,26.46447648211039,26.48409477911182,25.53262982538761,25.88574981689453,4420700
2013-04-04,25.9936472324571,26.199633727586203,25.905366771429293,26.12116241455078,3376200
2013-04-05,25.74841928395314,26.45466096793066,25.73861013781276,26.41542625427246,3033000
2013-04-08,26.729318696147907,27.45517886925961,26.729318696147907,27.445369720458984,2470700
2013-04-09,27.553256492682824,27.64153692255695,27.219753062247904,27.37669563293457,1668700
2013-04-10,27.44536465862249,27.602307268679386,27.288422048565593,27.5728816986084,1376100
2013-04-11,27.572881593448546,27.670969321182394,27.327658532306966,27.406129837036133,1380700
2013-04-12,27.268807704551016,27.543458247386276,27.268807704551016,27.523839950561523,1161000
2013-04-15,27.22957267276724,27.22957267276724,26.180018126303594,26.199634552001953,1851700
2013-04-16,26.43504047198772,26.807778613353577,26.27809789973862,26.78816032409668,1102000
2013-04-17,26.55275609447978,26.69008042726955,25.895558133280044,26.464475631713867,2079300
2013-04-18,26.523326656740487,26.523326656740487,26.013262250825452,26.189823150634766,1889600
2013-04-19,26.248670465853273,26.84701519186737,26.180008324357168,26.78816032409668,2211800
2013-04-22,26.768547694540004,27.062814591431597,26.21924674301753,26.89606285095215,1922600
2013-04-23,27.03338848533581,27.258995113032018,26.484089377652268,27.043197631835938,1744800
2013-04-24,27.102053361251322,27.2688051266903,26.690078521396412,26.847023010253906,1616600
2013-04-25,26.994157148619973,27.47479416185883,26.974538853164436,27.249189376831055,1470600
2013-04-26,27.239382235511922,27.39632486890909,27.023584711412987,27.03339385986328,1010800
2013-04-29,27.13147842796017,27.258995463196534,27.013772410253363,27.053007125854492,731600
2013-04-30,26.97454383618901,27.0628243111434,26.552759760496695,26.954925537109375,1431800
2013-05-01,26.847024396529807,27.092247483608105,26.405622091427396,26.503711700439453,2513100
2013-05-02,27.994668188269536,28.769572161415272,27.357086672672985,28.08294677734375,3062000
2013-05-03,28.396834289126662,28.681292097839542,28.24969893986089,28.367406845092773,1553400
2013-05-06,28.357600776352257,28.916709177382383,28.30855690187392,28.7303409576416,1471900
2013-05-07,28.710719629600508,28.86766225645344,28.298744766385642,28.53415870666504,1580300
2013-05-08,28.416450323849748,28.573392948066996,28.29874429113864,28.465496063232422,1403200
2013-05-09,28.43607223671717,28.553780155304572,28.181039972197713,28.23989486694336,966000
2013-05-10,28.200653064010986,28.60281874933851,28.171225622071088,28.583200454711914,1083600
2013-05-13,28.47530253702218,28.47530253702218,28.073136866369495,28.17122459411621,1323100
2013-05-14,28.151614504100305,28.848047256469727,28.151614504100305,28.848047256469727,2441900
2013-05-15,28.8284213506187,29.279632738482743,28.563581876747786,29.230587005615234,1882900
2013-05-16,29.13250295056671,29.318871146223795,29.044222491190766,29.171737670898438,1351600
2013-05-17,29.230596811318502,29.64257175108975,29.171743783038046,29.622955322265625,2076500
2013-05-20,29.524857363967794,29.976066904980687,29.524857363967794,29.711227416992188,1806600
2013-05-21,29.691610764613273,29.91721554759466,29.43657853871551,29.48562240600586,1590100
2013-05-22,29.593523443457812,29.858364837437517,28.70091151936658,28.83823585510254,1952700
2013-05-23,28.534158236850235,28.975560536921225,28.50473079321095,28.740144729614258,1335600
2013-05-24,28.553776782104467,28.573393207131737,28.024094017391068,28.30855369567871,1268600
2013-05-28,28.651867112248137,28.69110370765998,28.102567872809264,28.32817268371582,1407500
2013-05-29,28.220272708146542,28.220272708146542,27.857341723813104,27.965240478515625,878100
2013-05-30,28.063328309227174,28.230080069166124,27.88676740212669,28.024091720581055,1175700
2013-05-31,27.867151820560967,28.210464521020537,27.769062210300557,27.827917098999023,1863100
2013-06-03,27.778867613677907,27.827913347648337,27.043198442252525,27.61211585998535,2416700
2013-06-04,27.572888735008615,27.651360060062373,26.16040301313701,26.621421813964844,4972400
2013-06-05,26.464475153435238,26.80778785010887,26.12116245676161,26.39581298828125,3425400
2013-06-06,26.376194348549472,26.954920977168243,26.24867916791142,26.768552780151367,3256700
2013-06-07,26.954922150278666,27.190336096943106,26.80778866747636,27.13148307800293,1994500
2013-06-10,27.072633274033862,27.160913748379613,26.425244376100995,26.729320526123047,2384200
2013-06-11,26.42524104115507,26.631227541363057,26.238870966511847,26.248680114746094,1405800
2013-06-12,26.48408952123441,26.48408952123441,25.6601399197904,25.738611221313477,2265700
2013-06-13,25.679758905710436,25.875936229359088,25.277593240691726,25.758230209350586,3364800
2013-06-14,25.640522663921058,26.06230662825882,25.640522663921058,25.76803970336914,2527700
2013-06-17,26.042693220132772,26.317343773551876,25.846515857036696,26.072120666503906,2044300
2013-06-18,26.150591007378402,26.62141890627539,26.013266671259387,26.59199333190918,2023700
2013-06-19,26.62141882549684,26.758745032102922,26.415432321943353,26.425241470336914,2210900
2013-06-20,26.081925308723072,26.13096917329708,25.581670032273475,25.669950485229492,2313000
2013-06-21,25.77785414288621,25.84651631473091,25.01275736182271,25.31683349609375,3746900
2013-06-24,25.032369519053933,25.41491688029096,24.77733732126145,25.248165130615234,2104700
2013-06-25,25.54244203631043,25.8367090429981,25.346262784582652,25.699384689331055,2234700
2013-06-26,25.934799899629965,25.99365292957964,25.326645687136338,25.679767608642578,1182400
2013-06-27,25.944600094433703,26.307529169905347,25.777848341380846,26.189823150634766,2265000
2013-06-28,26.062311224905244,26.346770923918843,25.93479603387061,25.95441246032715,2239000
2013-07-01,26.032885649768534,26.10154781962594,25.797469823251994,25.95441246032715,1411400
2013-07-02,25.954406547110203,26.150585734210363,25.50319703604458,25.62090492248535,1506500
2013-07-03,25.454159329066957,25.7288080123281,25.395304436164853,25.689573287963867,660500
2013-07-05,25.983834036140756,25.983834036140756,25.424725784010402,25.895553588867188,1038000
2013-07-08,26.1309744490301,26.58218595200338,26.032886700078585,26.25849151611328,2722200
2013-07-09,26.425241336450988,27.00396799241255,26.41543218810713,26.641036987304688,1820200
2013-07-10,26.60179914837986,26.797976479563275,26.444854664168187,26.66065216064453,1127000
2013-07-11,26.954920762974112,27.121672533808745,26.63122636910731,26.817596435546875,1138600
2013-07-12,26.768551000899194,27.219760547985253,26.690077823071846,27.209951400756836,1210100
2013-07-15,27.20014969342676,27.386519799936377,27.092252786208807,27.259004592895508,1121800
2013-07-16,27.317854744938746,27.641549174316243,27.190337680421155,27.396326065063477,1614600
2013-07-17,27.474800278235453,27.57288990644599,27.170724114596428,27.259004592895508,1142300
2013-07-18,27.298230777700716,27.61211599300984,27.23937776755612,27.288421630859375,1662400
2013-07-19,27.33747130517323,27.759253454721005,27.24919084178088,27.729827880859375,1131100
2013-07-22,27.7592533236672,28.05352215722034,27.749446046362113,27.94562339782715,1372900
2013-07-23,27.96523741992299,28.151607465597372,27.7200143648948,27.769058227539062,657800
2013-07-24,27.827922314537567,27.837729593588364,27.288430292445014,27.31785774230957,885800
2013-07-25,27.200141387799018,27.239377975463867,26.876447023177917,27.239377975463867,1284800
2013-07-26,27.06282030277426,27.170719060827025,26.797978917137673,27.00396728515625,687500
2013-07-29,26.866639435633086,27.0726277910224,26.052498903368555,26.081926345825195,1954800
2013-07-30,26.209445885006925,26.395815976454372,26.01326851534468,26.042694091796875,1509500
2013-07-31,26.042691530846188,26.70969863809516,25.99364766097941,26.2977237701416,1890600
2013-08-01,28.200649267860076,28.573387461072603,26.945106644322337,27.602304458618164,4523400
2013-08-02,27.533656310167004,27.720026437005842,27.111872172486375,27.621936798095703,1678100
2013-08-05,27.612120284830002,27.690591600854273,27.33747161419693,27.46498680114746,1418900
2013-08-06,27.357082132612092,27.494408309178542,26.80778303905633,27.023578643798828,1452600
2013-08-07,26.935302904367443,26.994157792137102,26.25848853314945,26.611608505249023,2821000
2013-08-08,26.739125469107595,26.935302814977714,26.61160841693353,26.82740592956543,2035000
2013-08-09,26.84702702277312,27.298236649101877,26.797981278017478,27.0726318359375,1619800
2013-08-12,26.945113559873473,27.229573253964283,26.88626053971474,27.092248916625977,1327700
2013-08-13,27.09224608466984,27.131480803706523,26.621416359904526,26.847023010253906,1256900
2013-08-14,26.79798276306179,26.896072387104976,26.513524911330904,26.621421813964844,1057200
2013-08-15,26.356577831632897,26.45466556828711,26.12116202513257,26.21925163269043,1198300
2013-08-16,26.121161276708385,26.376193500690178,25.924983938117194,26.032882690429688,1265700
2013-08-19,25.99364899109618,26.03288558572034,25.473775337748886,25.513011932373047,2074400
2013-08-20,25.52281870582093,25.983837424328595,25.434538247035945,25.718996047973633,1324200
2013-08-21,25.640521457631458,26.140776703131582,25.542433734551874,25.787656784057617,1711000
2013-08-22,25.905365488765266,26.484092095335626,25.905365488765266,26.356576919555664,1292200
2013-08-23,26.405622010766244,26.64103594913385,25.92498498606942,26.611608505249023,2674300
2013-08-26,26.621412710510487,26.709693154870592,26.376189669710936,26.41542625427246,1400700
2013-08-27,26.10154781962594,26.170209989483343,25.83670641797269,25.95441246032715,1369300
2013-08-28,25.905362970912943,25.944599557126182,25.63071248013047,25.738611221313477,1074400
2013-08-29,25.70919099876132,26.052503740888625,25.650337973823586,25.836708068847656,822700
2013-08-30,25.885748909077677,25.885748909077677,25.562054503521136,25.640525817871094,1250100
2013-09-03,25.993644255430834,26.062306412610056,25.30701894183165,25.43453598022461,1308700
2013-09-04,25.375685872170045,25.62090895923008,25.267787115174453,25.463964462280273,1785400
2013-09-05,25.41491520770951,25.630710805069082,25.248163469007885,25.581666946411133,1393100
2013-09-06,25.542439171668793,25.777853124797527,25.257979475656704,25.28740692138672,2027600
2013-09-09,25.385494665345846,25.50320257736211,25.081418543084208,25.28740692138672,2901300
2013-09-10,25.473768212279705,25.974023428384577,25.41491520770951,25.581666946411133,2488100
2013-09-11,25.601290663248395,25.738614993312837,25.42472974122058,25.463964462280273,1695300
2013-09-12,25.47377798857291,25.81709074364452,25.46396883889612,25.699384689331055,1949300
2013-09-13,25.807277329044208,25.88574864258631,25.493392074875796,25.52281951904297,2120000
2013-09-16,25.974027594387767,26.474282890729143,25.974027594387767,26.081926345825195,2077300
2013-09-17,26.052500167762997,26.611608505249023,26.052500167762997,26.611608505249023,2040800
2013-09-18,26.6606506153261,27.219758876691984,26.327147113651115,27.053007125854492,2081700
2013-09-19,27.09224761940179,27.34727798484626,26.876450104312894,27.219762802124023,2019900
2013-09-20,27.20995211268348,27.2982325691455,26.837213862768838,26.847023010253906,1982800
2013-09-23,26.729312549254793,26.856827712530805,26.503707791433865,26.71950340270996,1155200
2013-09-24,26.748935648536186,27.435559191914862,26.739126500228867,27.13148307800293,2237000
2013-09-25,27.10205545401351,27.641547381929115,26.974540268668356,27.455177307128906,2644900
2013-09-26,27.53365038904532,27.818110093621133,27.435560771229387,27.670974731445312,1946200
2013-09-27,27.45517485685062,27.602308325549647,26.954919566551084,27.111862182617188,3294600
2013-09-30,26.91568613317464,27.121672625008145,26.748934361779284,26.98434829711914,1609400
2013-10-01,26.88625374278331,27.58268814373196,26.88625374278331,27.278610229492188,1753100
2013-10-02,27.102045198781397,27.464976062808695,26.886249631812987,27.37669563293457,1391300
2013-10-03,27.386512309061306,27.406130603518143,26.807785718909336,27.209951400756836,1695500
2013-10-04,27.16090577212183,27.347273944651405,27.07262532370112,27.268802642822266,876300
2013-10-07,26.95492085361279,27.200143936788095,26.847023969230136,26.98434829711914,1002600
2013-10-08,26.925502532666968,27.03339944610874,26.425247083750612,26.533143997192383,1543000
2013-10-09,26.572370389106972,26.68026913199459,26.20943944451445,26.513517379760742,1547200
2013-10-10,26.856831335361495,27.170718454427465,26.670463138579905,27.151100158691406,1596100
2013-10-11,27.131482212599114,27.82791675297491,27.131482212599114,27.81810760498047,1440300
2013-10-14,27.661165322827443,27.867151820560967,27.396323936395454,27.827917098999023,1116500
2013-10-15,27.680780436115718,27.778870041726776,27.180525131312567,27.298233032226562,1036500
2013-10-16,27.4944074504001,27.641540897715384,27.357081278122987,27.5434513092041,1230900
2013-10-17,27.45517377288356,28.13198994726174,27.37670246794866,28.06332778930664,1159700
2013-10-18,28.22027518815796,28.259509911831802,27.85734417192997,28.20065689086914,1215400
2013-10-21,28.151608171108958,28.269314192766412,27.906385109935197,28.17122459411621,953500
2013-10-22,28.34778752162098,29.093265905326966,28.249697915966895,28.72052764892578,2253500
2013-10-23,28.59301670358333,28.700915479924554,28.249703945964534,28.62244415283203,1709300
2013-10-24,28.632243209493875,28.818611376327382,28.58319747803504,28.66166877746582,956300
2013-10-25,28.642055685891673,28.77938000813589,28.279124714513067,28.59300994873047,1349500
2013-10-28,28.612624916910338,28.86765710778622,28.39682931120153,28.66166877746582,1587800
2013-10-29,28.74014408883092,29.034412905951854,28.661672778446064,28.995176315307617,1824500
2013-10-30,29.083456346304743,29.328679421519627,28.85785156612391,29.20116424560547,3133200
2013-10-31,29.191358628017827,29.721039561663133,28.239893654654622,29.63275909423828,7170700
2013-11-01,29.652375135923105,30.299763933854532,29.573903823170923,30.005496978759766,3004400
2013-11-04,30.025115798803466,30.20167672330391,29.603331783808784,29.96626091003418,1698300
2013-11-05,29.92702426352798,29.92702426352798,29.622948174726247,29.69161033630371,1564100
2013-11-06,29.877977965572867,29.887787112886155,29.367915401606794,29.730844497680664,2110100
2013-11-07,29.779894337598805,29.868174804678944,29.191358514032476,29.299257278442383,2475000
2013-11-08,29.250213095020456,29.48562706282076,29.044226574784155,29.28944969177246,1986300
2013-11-11,29.328677993021493,29.426767592510565,29.103073223829085,29.269824981689453,1604200
2013-11-12,29.16192623516113,29.338487140060753,29.024601918418533,29.269824981689453,2119400
2013-11-13,29.034415107163394,29.505243005167834,29.004987661949208,29.387535095214844,1454000
2013-11-14,29.466002516774488,29.67198898025669,29.309058043912255,29.49542808532715,1327700
2013-11-15,29.55428704323152,29.799510142023664,29.407153558136987,29.44639015197754,1651500
2013-11-18,29.524859508402212,29.642565540301042,29.03441334338192,29.171737670898438,1563400
2013-11-19,29.093268231510493,29.230592567863958,28.740146371282993,28.8970890045166,1780800
2013-11-20,29.034414468880897,29.289446709086032,28.602821303079608,28.71072006225586,1226400
2013-11-21,28.906898586376606,28.9265168835509,28.56358774034546,28.799001693725586,1431600
2013-11-22,28.83823778593,28.887283531193606,28.543970797963894,28.563589096069336,1593500
2013-11-25,28.583203609518794,28.99517848763042,28.49492314485889,28.83823585510254,1669900
2013-11-26,28.946135784155533,29.083460125430744,28.75976569892215,28.926517486572266,863600
2013-11-27,29.00499134586328,29.299260222668863,29.00499134586328,29.05403709411621,824700
2013-11-29,29.142307698472113,29.181544286302493,28.946130372030655,29.044219970703125,677200
2013-12-02,28.985366413642215,29.181545619952907,28.671481180267964,28.808807373046875,976100
2013-12-03,28.642059655230206,28.926517486572266,28.573395613688767,28.926517486572266,1224000
2013-12-04,28.681293781583626,29.073650370550503,28.534160294584023,28.799001693725586,1179300
2013-12-05,28.799003060622997,28.867665233088164,28.504734201753006,28.563589096069336,1185300
2013-12-06,29.456200111677564,30.407665087669592,28.95594475185583,28.975563049316406,2463900
2013-12-09,28.936328948531482,29.358113025769967,28.66167837312168,29.10308074951172,1491300
2013-12-10,28.955943070411227,29.220784458038434,28.789191293487104,28.81861686706543,1584500
2013-12-11,28.848045058632064,28.926516375045974,28.102566617248016,28.4556884765625,1979100
2013-12-12,28.48511130056232,28.514536870128868,28.073136488499525,28.26931381225586,1312100
2013-12-13,28.279125601980518,28.337978617517336,28.033902521189532,28.1810359954834,997700
2013-12-16,28.406647572632416,28.55378295300899,28.239897633893243,28.48512077331543,1003800
2013-12-17,28.436068020517013,28.632247232107336,28.308552842615835,28.612628936767578,1384900
2013-12-18,28.946129441529333,30.12319897505048,28.779377690417576,30.054536819458008,3395900
2013-12-19,29.770083904458737,29.79950947827997,29.485624218161995,29.7014217376709,2123000
2013-12-20,29.642560819805606,30.103581338886777,29.583707813228372,30.074153900146484,3743600
2013-12-23,30.270335215319424,30.45670339442445,30.083965165310914,30.40765953063965,1171200
2013-12-24,30.43709052960131,30.672504470914916,30.358619215830107,30.564605712890625,542300
2013-12-26,30.6038391456473,30.829443915584807,30.554793410289033,30.692119598388672,653300
2013-12-27,30.809830800672525,30.937347863136537,30.63326986550932,30.731359481811523,734000
2013-12-30,30.721544297413455,30.809824747651128,30.564601690525027,30.613645553588867,999000
2013-12-31,30.721554320358372,30.99620490746994,30.672510441293905,30.956968307495117,885700
2014-01-02,30.770590904058395,30.966768232780947,30.65288301010206,30.692119598388672,959400
2014-01-03,30.692125447107134,30.83925893941281,30.55479923283849,30.750978469848633,951900
2014-01-06,30.81963680992833,30.95696113622048,30.338999797002163,30.368425369262695,1270600
2014-01-07,30.437086524016973,30.8392521880315,30.388040790049683,30.613645553588867,990300
2014-01-08,30.69212441286571,30.8981109209717,30.40766471587691,30.72154998779297,2086000
2014-01-09,30.88829877935042,31.339510217186167,30.741165306259667,31.182567596435547,3052900
2014-01-10,31.23161220098659,31.604352337244755,31.074669576531672,31.094287872314453,1460800
2014-01-13,31.15314503831726,31.17276333671317,30.407666537407824,30.554800033569336,1380100
2014-01-14,30.83925119501976,31.045237658339346,30.544982413401705,30.966766357421875,1534300
2014-01-15,31.045240303167997,31.261037802252957,30.80001723304676,30.878488540649414,1347600
2014-01-16,30.858869972276818,30.927534002860636,30.564603039103165,30.76078224182129,1212000
2014-01-17,30.75097690173555,31.172760930166234,30.682314733554513,31.03543472290039,1175400
2014-01-21,31.290462977907328,31.378743431707758,30.858869856094508,31.3591251373291,1075300
2014-01-22,31.417976349555406,31.555300660531337,31.280652038579476,31.525875091552734,1086900
2014-01-23,31.329705101644606,31.447413017808334,31.064863693454114,31.40817642211914,1176700
2014-01-24,31.143335056515717,31.32970514448653,30.40766572447204,30.476327896118164,1908000
2014-01-27,30.46651439683525,30.52536928204557,29.730845169838595,30.133010864257812,1409500
2014-01-28,30.191865709708928,30.40766134248514,30.07415781034689,30.240909576416016,1181700
2014-01-29,30.01530739219699,30.319383508068942,29.819128166593554,29.877981185913086,1363600
2014-01-30,30.17224561684634,30.505749129112733,29.799505516829328,30.40765953063965,1150500
2014-01-31,29.99568481721876,31.16294711417655,29.838742207481985,30.574411392211914,2651800
2014-02-03,30.603841854981873,30.69212231553865,29.387533703067117,29.45619773864746,1584700
2014-02-04,29.603331608353578,30.113396082575388,29.279637205655828,30.01530647277832,1050000
2014-02-05,29.828939973706074,30.339004509015577,29.68180647684093,30.064353942871094,1303200
2014-02-06,30.11339218699295,30.319378657106284,30.005493443083992,30.123199462890625,1539100
2014-02-07,30.34880521641906,30.73135257603963,30.34880521641906,30.6430721282959,1271800
2014-02-10,30.564607351834937,30.74116828501367,30.319384249287545,30.72154998779297,1201400
2014-02-11,30.69211901047441,30.996195080257,30.69211901047441,30.839252471923828,1167100
2014-02-12,30.937346327246637,31.123714530974347,30.868682289611257,31.015817642211914,1091000
2014-02-13,30.750973770359895,31.182566903282076,30.613647577077998,31.162948608398438,901700
2014-02-14,31.06486078025226,31.38855518071726,30.701929787777594,31.378746032714844,1478600
2014-02-18,31.38855600199897,31.800529003457626,31.26104081643849,31.73186683654785,1879300
2014-02-19,31.731860157629615,32.11441124650294,31.417974963020743,31.486637115478516,2036600
2014-02-20,33.34054139953816,34.67455220358813,33.2424498936319,33.88003158569336,7544900
2014-02-21,33.96829920400194,34.61568793053975,33.752501714553695,33.840782165527344,3171900
2014-02-24,33.90944625584548,34.50779115302077,33.899638979314624,34.11543273925781,2153300
2014-02-25,34.390094482509625,34.44894564132135,33.762320101321926,33.83098602294922,3048000
2014-02-26,33.840783406724555,34.61568920015861,33.83097613039308,34.0958137512207,2274500
2014-02-27,34.09581467543238,34.55683525345678,33.97810864722874,34.34103775024414,1531300
2014-02-28,34.34103698269734,34.841294139544246,34.193905386183076,34.53721618652344,1379000
2014-03-03,34.16448520655598,34.870725213247965,34.1154375915042,34.69416427612305,1883900
2014-03-04,35.07670178291787,35.19441153550627,34.77262760991441,35.1747932434082,2058900
2014-03-05,35.11595153808594,35.155188136998575,34.87072840759399,35.11595153808594,1990700
2014-03-06,35.115942612756484,35.89084840618915,35.115942612756484,35.73390579223633,2286400
2014-03-07,36.06741587709107,36.06741587709107,35.586776929641644,35.812381744384766,2054800
2014-03-10,35.85161757488967,36.19493217053892,35.35136408189084,35.45926284790039,1595100
2014-03-11,35.51811057519411,35.71428979068193,35.00804611164869,35.25326919555664,1176300
2014-03-12,35.06689215981796,35.09631772509152,34.654919278762684,34.782432556152344,2298300
2014-03-13,34.94919113676132,35.03747158696727,34.32142070943315,34.5960693359375,2065700
2014-03-14,34.56664266016566,34.949190018212406,34.517595056882314,34.674537658691406,854000
2014-03-17,34.860903270321494,35.78294042158167,34.860903270321494,35.145362854003906,2148800
2014-03-18,35.25327259378777,35.49849570133395,35.1944214427336,35.45926284790039,1612200
2014-03-19,35.45924650347678,35.910455915349495,35.28268564808207,35.42981719970703,2128700
2014-03-20,35.42982879614071,35.89084937410062,35.20422401636231,35.87123107910156,1573800
2014-03-21,36.096843030341994,36.56767097843857,35.92028208207979,36.07722473144531,3860500
2014-03-24,36.28320821888718,36.43033982040663,35.65543399692633,35.77314376831055,1493700
2014-03-25,35.91046390654702,36.20473081708644,35.42982508394744,35.65542984008789,2244500
2014-03-26,35.83199670043965,36.01836864352887,35.56715531431872,35.60639190673828,1417500
2014-03-27,35.26308565718608,35.606396530924364,35.20423076091328,35.41021728515625,1509300
2014-03-28,35.586769933622556,36.31263185115713,35.53772606906913,36.15568923950195,1370100
2014-03-31,36.51861587867249,36.51861587867249,36.00855148954291,36.194923400878906,1697600
2014-04-01,36.29302353268559,36.37149673098629,35.95951992352373,36.33226013183594,1062000
2014-04-02,36.361684330765826,36.41072820693906,36.077224610430015,36.29302215576172,1276400
2014-04-03,36.410733946955325,36.410733946955325,35.92028762429016,36.126277923583984,3511000
2014-04-04,36.32244423910824,36.70499167499181,35.70448472351519,35.7535285949707,1658100
2014-04-07,35.77315167935129,35.8614321565086,34.74321153191332,34.9001579284668,1872400
2014-04-08,34.93938479673647,35.22384447901754,34.69416170686812,35.05709457397461,1230300
2014-04-09,35.22383927729494,35.8025658335924,35.096322241688554,35.7829475402832,1333700
2014-04-10,35.74370484684211,35.96930956864301,35.25325882332547,35.390586853027344,1408200
2014-04-11,35.2238439624158,35.29250612722733,34.596073460249045,34.60588073730469,2016600
2014-04-14,34.860918118347094,34.96881688513521,34.164485385924486,34.478370666503906,1971700
2014-04-15,34.5862600150546,34.88053069138271,33.94868228056023,34.64511489868164,1917800
2014-04-16,34.95899097554697,35.35134928006106,34.90013984913413,35.145362854003906,1273300
2014-04-17,35.06691691247727,35.97914749793678,34.909974217226655,35.939910888671875,1518200
2014-04-21,35.969314757160525,35.969314757160525,35.07670301527465,35.537723541259766,1823700
2014-04-22,35.52791114092301,35.78294142675693,35.380775837145535,35.390586853027344,1679100
2014-04-23,35.39059726566323,35.46906670677398,35.16498873567748,35.25326919555664,1413000
2014-04-24,35.380793417325506,35.4200300167364,34.890347150113556,35.01786422729492,1210900
2014-04-25,34.98843315288734,35.135568522398366,34.409710178723955,34.52741622924805,1794900
2014-04-28,34.86091293760773,34.880531232454395,33.78192917188384,34.223331451416016,1693100
2014-04-29,34.29200000721548,34.29200000721548,33.81136479016871,34.07620620727539,1785200
2014-04-30,34.154671156598255,34.684353920979206,33.78193101775899,34.60588073730469,2782300
2014-05-01,34.60588460856285,35.86142949515781,33.929070161789966,34.49798583984375,2279700
2014-05-02,34.468564882410305,34.58627094505493,33.85060150536157,33.96831130981445,2095600
2014-05-05,33.781930667103,33.968302605491765,33.507282010707726,33.938873291015625,1697700
2014-05-06,33.77212722834979,34.02715761801425,33.379768753073044,33.38957977294922,1967800
2014-05-07,33.546512219286996,33.60536335342714,32.957974685239435,33.53670120239258,1875200
2014-05-08,33.507280910977364,33.93887217712016,33.22282124515709,33.360145568847656,1957000
2014-05-09,33.32091611643805,33.350341691140045,32.60486511149813,32.908939361572266,2826900
2014-05-12,33.16396987116696,33.311101470466504,32.967790663627085,33.13454055786133,3931500
2014-05-13,33.2326319160881,33.517087837126674,33.09530759383352,33.45823669433594,2716000
2014-05-14,33.35034638825361,33.448434145613476,32.673531882131144,32.712764739990234,2185000
2014-05-15,32.663701509706286,32.732363647540936,31.908414251719254,32.379241943359375,1866600
2014-05-16,32.35964735625655,32.42830953644176,31.96728883364833,32.18308639526367,1818600
2014-05-19,32.055565277430254,32.5460114980252,31.967284808050856,32.50677490234375,2477300
2014-05-20,32.49696829185876,32.58524876305155,31.879004993509163,31.977092742919922,1800100
2014-05-21,32.075173816646604,32.27135299356013,31.967275082253842,32.114410400390625,794100
2014-05-22,32.12423029812899,32.467541186271276,31.977094922177706,32.36945343017578,1064600
2014-05-23,32.438110993526365,32.73237796176181,32.330212232084946,32.56562805175781,1765700
2014-05-27,32.6931455270841,33.2130173023261,32.67352723004378,33.01683807373047,2058000
2014-05-28,33.11493377710556,33.6446166990937,33.11493377710556,33.468055725097656,2525700
2014-05-29,33.47785811439079,33.6838446170017,33.31110446336708,33.438621520996094,1715400
2014-05-30,33.369966044830555,33.42882094672423,33.07569901897868,33.30130386352539,1737300
2014-06-02,33.007026747211405,33.31110095951731,32.68333049846461,32.791229248046875,2077000
2014-06-03,32.67352796595624,32.93836936925429,32.58524749819022,32.928558349609375,1632000
2014-06-04,32.889321446088445,33.075693399516915,32.73237880951098,32.91875076293945,1916300
2014-06-05,33.00703313120773,33.762317040751256,32.95798551423326,33.74270248413086,2226600
2014-06-06,33.82116725853298,34.223332966172045,33.683842930335345,33.938873291015625,1252900
2014-06-09,33.909451753175965,34.74320884033029,33.909451753175965,34.713783264160156,2440000
2014-06-10,34.59607661961502,34.60588389756627,33.929069464698905,34.03696823120117,1357100
2014-06-11,33.899639168959254,33.958490312087925,33.61517950448012,33.79174041748047,1367000
2014-06-12,33.723083855160844,33.78193500806085,33.13454613350628,33.18359375,1182800
2014-06-13,33.18358120718624,33.32090550112379,32.83045945602892,33.26205062866211,1192900
2014-06-16,33.24243930909862,33.360145336899684,33.016834530060265,33.13454055786133,1105800
2014-06-17,33.04626969712772,33.51709768685237,32.93837465636835,33.30130386352539,1122400
2014-06-18,33.29148621538578,33.37976667974928,32.86970219029434,33.33072280883789,1238800
2014-06-19,33.54652794922878,33.97811934979127,33.34054139953816,33.88003158569336,1682400
2014-06-20,33.8604023895769,34.12524375759582,33.79174022843945,34.11543273925781,1498100
2014-06-23,34.09582044017352,34.45875334635887,33.87021562221948,33.95849609375,1395500
2014-06-24,33.84079288087562,33.9290733598024,33.32092102820019,33.3797721862793,1125800
2014-06-25,33.25225013452153,33.71326696648694,33.154158660417195,33.674034118652344,1300400
2014-06-26,33.70345718955276,33.772119345428244,33.35033539258919,33.71326446533203,1060500
2014-06-27,33.634796927499934,34.115432045690724,33.58575306222841,34.0958137512207,1205000
2014-06-30,34.086000348595796,34.086000348595796,33.791733468048335,33.91925048828125,1648700
2014-07-01,34.056581481597675,34.733395814158605,33.92906443628371,34.43912887573242,1839900
2014-07-02,34.42931877731391,34.80205890490979,34.38027490990037,34.68435287475586,1461100
2014-07-03,34.81187751591419,34.94920187134529,34.684360439381855,34.792259216308594,651600
2014-07-07,34.69416482491211,34.74320869893198,34.18410030312839,34.380279541015625,1389500
2014-07-08,34.26256796431529,34.4881727418356,34.115432624198625,34.43912887573242,1499900
2014-07-09,34.49797448970394,34.58625493126473,34.272369748338946,34.390079498291016,869200
2014-07-10,33.94867907613736,34.2233276901919,33.77211818372895,34.007530212402344,991200
2014-07-11,33.97811017669647,34.17428939373799,33.654417649114194,34.16448211669922,822700
2014-07-14,34.42932416386003,34.42932416386003,34.22333764341178,34.29199981689453,1061300
2014-07-15,34.1448578972671,34.50778695365718,34.046766434859855,34.21352005004883,788700
2014-07-16,34.31161217864502,34.43912922525315,34.027152513829655,34.34103775024414,597200
2014-07-17,34.17429087472897,34.40970669374234,33.90944948151674,33.98792266845703,977100
2014-07-18,34.06639592804209,34.47837272199311,33.96830817519123,34.429325103759766,1028400
2014-07-21,34.341039780045605,34.58626286935181,34.174289875384936,34.50779342651367,817200
2014-07-22,34.59607095994799,34.99823664269651,34.56664538910034,34.86091232299805,1063100
2014-07-23,34.82168416832638,34.95900852128684,34.409711109445,34.66474151611328,1175500
2014-07-24,34.654929255734544,34.811871885387085,34.10562818104691,34.30180740356445,1439800
2014-07-25,34.14486201383649,34.28218633595602,33.938871788850044,34.223331451416016,1055600
2014-07-28,34.193896539643795,34.35083911373956,33.79173095966052,34.28217697143555,1163100
2014-07-29,34.28218656652429,34.390085318003074,33.79174041748047,33.79174041748047,796900
2014-07-30,33.93887453227439,34.34104025462201,33.79174292174182,34.30180740356445,2086000
2014-07-31,33.929062352699134,34.74320095707554,32.71275434227538,32.85008239746094,3759000
2014-08-01,32.87951574005476,33.57594848929526,32.77161697066103,33.18359375,1596800
2014-08-04,33.17377499789332,33.40919078004641,32.93836295754715,33.291481018066406,926800
2014-08-05,33.16395675464205,33.32089931024089,32.477331670720005,32.54599380493164,2603200
2014-08-06,32.40866848072704,32.98739483723307,32.232107643704474,32.948158264160156,2121500
2014-08-07,33.173778082757266,33.18358910140473,32.53619657573376,32.72256851196289,1416200
2014-08-08,32.71276379954052,33.2130210763951,32.51658829046058,33.12474060058594,1239800
2014-08-11,33.32090769016037,34.38026927142136,33.32090769016037,33.97810363769531,2009400
2014-08-12,33.987920901206756,34.291995130270855,33.75250509443416,33.938873291015625,968700
2014-08-13,34.1350423776332,34.27236666508326,33.889819366670594,34.19389724731445,1001600
2014-08-14,34.32142913539272,34.4685607606524,34.1841010466194,34.29199981689453,1431800
2014-08-15,34.43911854672372,34.62548667874295,33.85058110457885,33.929054260253906,1253500
2014-08-18,34.14486708816231,34.57645841350709,34.14486708816231,34.478370666503906,946200
2014-08-19,34.5077905786923,34.743202629586285,34.5077905786923,34.64511489868164,923100
2014-08-20,34.63531392663664,34.90015533845415,34.37047251481914,34.49798583984375,1457500
2014-08-21,34.60588587550445,35.37098456270164,34.54703472081783,35.30232238769531,1380400
2014-08-22,35.27288499099044,35.675050670419935,35.18460453736899,35.50830078125,1384800
2014-08-25,35.635809864785664,35.78294142675693,35.302306419122104,35.390586853027344,930800
2014-08-26,35.410217165675085,35.77315007875425,35.410217165675085,35.626014709472656,701200
2014-08-27,35.586768824797886,35.62600541194089,35.30231292252838,35.46906280517578,605600
2014-08-28,35.292500494128404,35.59657841962172,35.194412771998564,35.537723541259766,803500
2014-08-29,35.52790483228878,35.714272941081774,35.32191469521642,35.64561080932617,832800
2014-09-02,35.91046953914667,36.41072299134835,35.80257078193658,36.253780364990234,2236200
2014-09-03,36.50881507368805,36.773656461624974,36.3420614256652,36.48919677734375,1352300
2014-09-04,36.48919478090168,36.71479956380643,36.096836359097715,36.214542388916016,900300
2014-09-05,36.16549848089092,36.33225211960223,35.949704716768395,36.32244110107422,1009800
2014-09-08,36.293014797881156,36.518619575986264,36.25377820817406,36.41072082519531,688000
2014-09-09,36.32244396466713,36.42053544864455,36.08703188673635,36.18511962890625,695900
2014-09-10,36.15569474492203,36.37149227198498,35.98894108988042,36.20473861694336,776500
2014-09-11,36.07722455046043,36.54805249619505,36.037991694671796,36.40092086791992,707900
2014-09-12,36.30282519140868,36.32244348794668,35.70448398513326,35.8418083190918,897600
2014-09-15,35.83199729991907,35.93008878260907,35.59658522507799,35.8418083190918,618700
2014-09-16,35.78293919664675,36.18510476119387,35.56714176237065,36.08701705932617,666500
2014-09-17,36.106657040703325,36.636336187545005,36.106657040703325,36.273406982421875,729900
2014-09-18,36.30282349786573,36.61671248602321,36.116455302160084,36.34206008911133,1079100
2014-09-19,36.55785620459751,36.73441711666021,36.224352675346545,36.30282211303711,1703200
2014-09-22,36.28320821174194,36.44995810845926,36.13607286844426,36.43033981323242,1453700
2014-09-23,36.26359525622276,36.400919601224025,36.08703431499033,36.1458854675293,1563900
2014-09-24,36.14588678543412,36.391109908108184,36.0183734557453,36.29302215576172,886500
2014-09-25,36.185119689601635,36.23416356076885,35.498494267838026,35.527923583984375,926800
2014-09-26,35.55734211717701,35.78294687331746,35.47886894540288,35.65542984008789,1017800
2014-09-29,35.39058056877757,35.69465465460795,35.18459043170521,35.64561080932617,1193300
2014-09-30,35.6946682332483,36.22435094412194,35.547536641432494,35.596580505371094,1654000
2014-10-01,35.57697126951598,35.64563344487316,34.390092247704175,34.429325103759766,1712200
2014-10-02,34.43913083470736,34.64511732914195,34.027154104030835,34.60588073730469,1441900
2014-10-03,34.851099501418645,34.98842381401104,34.645113032530055,34.919761657714844,926800
2014-10-06,35.01785676722592,35.096326207522814,34.34103866790298,34.58626174926758,1039200
2014-10-07,34.252757293137485,34.33123047314354,33.67403442872509,33.683841705322266,1294100
2014-10-08,33.74268780517675,34.30179597082699,33.40918436059536,34.19389724731445,1349600
2014-10-09,34.16449010838673,34.29200344875514,32.73238410825344,32.74219512939453,2929300
2014-10-10,32.67353515606465,32.732386319654296,31.486652218957687,31.53569984436035,3725700
2014-10-13,31.555302624708972,31.898617165325444,30.64307438242517,30.652883529663086,2985900
2014-10-14,30.839251356146317,31.055046967070982,29.956448748486537,30.044727325439453,3024200
2014-10-15,29.42676962536142,30.26052847226072,28.906896021788064,30.09377670288086,2357100
2014-10-16,29.652380956388058,30.123208925319958,29.436585271686944,29.78970718383789,2835300
2014-10-17,30.16243762491225,31.074667745107824,30.133010182972424,30.878488540649414,2460600
2014-10-20,30.63326412917187,30.849061618807582,30.46651237395494,30.839252471923828,1396200
2014-10-21,31.104089646635046,32.134025671275985,31.045236640602134,32.02613067626953,1797200
2014-10-22,32.07518057365692,32.19288660787855,31.368936884712426,31.378746032714844,1498700
2014-10-23,31.76129077953282,32.22230757339815,31.712246917437383,31.849571228027344,1253800
2014-10-24,31.849579303712535,32.23212676358413,31.780917131007776,32.19289016723633,1010600
2014-10-27,32.10460906261429,32.19288953175029,31.731868888283632,32.065372467041016,924400
2014-10-28,32.143844758216844,32.47734832763672,31.91823995269863,32.47734832763672,1375600
2014-10-29,32.48715715622926,32.506775454403154,31.820149985547797,32.19289016723633,1229400
2014-10-30,31.986903105891578,32.53620047820098,31.928048212369408,32.50677490234375,909100
2014-10-31,33.06587351493065,33.43861358004755,32.7225627587747,33.42880630493164,1974200
2014-11-03,33.51709536055378,33.52690638109257,33.04626740350758,33.12474060058594,1337000
2014-11-04,32.97760574994556,33.12474112589685,32.36945343017578,32.36945343017578,2145400
2014-11-05,34.59608010765724,34.65493500672171,32.428308506524886,32.59505844116211,4746700
2014-11-06,32.64410388870824,33.68385137131365,32.477353946055196,33.30130386352539,3086700
2014-11-07,33.25224747858223,33.41899735853017,33.08549385682745,33.2718620300293,1656000
2014-11-10,33.340527644629624,33.64460183296985,32.977594835219904,33.15415573120117,1451800
2014-11-11,33.15415395820027,33.43861358004755,32.96778579654512,33.42880630493164,1210200
2014-11-12,33.438621520996094,33.507283688533064,33.04626307066413,33.438621520996094,1097800
2014-11-13,33.39937361864277,33.63478935749216,32.90892759269557,33.00701904296875,1206300
2014-11-14,32.94817794838721,32.94817794838721,32.42830614090357,32.52639389038086,2086400
2014-11-17,32.408688149883034,32.72257344135535,32.29097835922504,32.53620147705078,1377900
2014-11-18,32.565618607592434,32.99720978638735,32.565618607592434,32.73236846923828,1465400
2014-11-19,32.69314207386537,32.73237492199446,31.84957409927144,31.98689842224121,2149400
2014-11-20,31.75148629708489,32.47734832763672,31.67301684994306,32.47734832763672,1408900
2014-11-21,32.91874531819037,33.07568792880958,32.5656235088454,32.65390396118164,1293700
2014-11-24,32.58524787582017,33.07569409313567,32.58524787582017,32.93836975097656,1186900
2014-11-25,33.105115368905714,33.32091287387392,32.88931786393751,33.144351959228516,1106100
2014-11-26,33.1737755146084,33.213012102546216,32.78141711884418,32.86969757080078,1015000
2014-11-28,32.683337603287285,32.73238147962953,29.66218879636755,29.917221069335938,3645700
2014-12-01,29.220786956560147,29.220786956560147,27.34728065755802,27.955434799194336,6694800
2014-12-02,27.818106142393876,28.76957099698543,27.582692215615666,28.65186309814453,2606400
2014-12-03,28.72052724269272,29.40715073075225,28.602819343391996,29.20116424560547,2759000
2014-12-04,29.08346267216397,29.299260222668863,28.396839034758937,29.05403709411621,2794400
2014-12-05,29.132504884868197,29.671994953849406,29.06384084564723,29.44639015197754,1838400
2014-12-08,29.30906375268618,29.31887290108214,28.632249351498604,28.83823585510254,3828400
2014-12-09,28.445877571176844,29.22078340994265,28.377215407418586,29.171737670898438,2052500
2014-12-10,28.897087193557816,29.103075556082644,27.739635813722515,27.74944496154785,2194700
2014-12-11,27.680775610577925,28.29873870856672,27.484598304458643,27.5434513092041,1977700
2014-12-12,27.239382630727043,27.357088672030827,26.003457971614527,26.111356735229492,5758400
2014-12-15,26.356582270119038,26.611612673451848,25.19912882200748,25.35607147216797,4860300
2014-12-16,25.12065232393562,25.91517456062341,25.03237186753658,25.04218101501465,2899000
2014-12-17,25.08141704910553,26.24867946754814,24.85581225799165,26.12116241455078,4768400
2014-12-18,26.670463393018682,27.20995343458149,26.405622010766244,26.611608505249023,3848600
2014-12-19,26.650842494268797,27.121670325021103,26.48409073701442,27.082435607910156,3954300
2014-12-22,27.04320274785331,27.160910657219397,26.63122787142764,26.915687561035156,2619400
2014-12-23,27.05301051770988,27.739635900399918,27.05301051770988,27.533647537231445,2626300
2014-12-24,27.5434513092041,27.7102030484023,27.288419127436075,27.5434513092041,854600
2014-12-26,27.77886590069371,27.89657378406083,27.543452004862804,27.56307029724121,1214700
2014-12-29,27.533647671382294,28.18103646580262,27.494412950670828,27.97504997253418,1706400
2014-12-30,27.8279133919162,28.200651616167153,27.63173419752931,27.994665145874023,1835700
2014-12-31,28.073140849866938,28.269318204100855,27.710209844633386,27.8475341796875,1619800
2015-01-02,28.024095673593244,28.131994436686487,27.51403117466637,27.808300018310547,1259900
2015-01-05,27.64154176108949,27.64154176108949,26.925490923127093,27.023578643798828,2299800
2015-01-06,27.003965844679175,27.317851083103186,26.523328839479454,26.690078735351562,3381800
2015-01-07,27.02358353634878,27.229571903040444,26.542946508606477,26.67046356201172,2766900
2015-01-08,26.896069968747543,27.563077107182586,26.621419420302583,27.48460578918457,4004600
2015-01-09,27.631737795491542,27.827917015423168,26.768553343780514,27.00396728515625,2564300
2015-01-12,26.97453743221692,27.02358129736863,26.052498174317243,26.17020606994629,2891000
2015-01-13,26.395815147494705,26.69989127700922,25.74842629322312,25.964221954345703,3341600
2015-01-14,25.522822774641178,25.974032417337007,25.228553908144658,25.836708068847656,2934900
2015-01-15,26.052500192789374,26.34676901920932,25.24816876820148,25.29721450805664,3486800
2015-01-16,25.248171354406548,25.90536936855401,25.179509182479833,25.866134643554688,2538400
2015-01-20,25.905369677502954,26.042694022994116,25.405114299194437,25.87594223022461,2135000
2015-01-21,25.86612961029721,26.690077383990666,25.836702169096068,26.650842666625977,2743900
2015-01-22,26.80778385071005,26.95491730707572,26.49389864488903,26.71950340270996,2207000
2015-01-23,26.523329827379364,27.160909475538666,26.415431071063413,26.82740592956543,2205200
2015-01-26,26.80778905821782,27.160910918813336,26.552756811221478,27.03339385986328,2119900
2015-01-27,26.46447802233491,27.013779144921546,26.130974437515835,26.807790756225586,2145800
2015-01-28,26.994162767865944,27.092252394658846,25.777856259984432,25.81709098815918,2668100
2015-01-29,25.807275071141515,26.38600165947008,25.375683819872116,26.278104782104492,2658900
2015-01-30,26.013266133898405,26.317342245125047,25.758233892871512,25.974029541015625,1889600
2015-02-02,26.21924882058382,27.71020545702276,26.140777517134584,27.61211585998535,3098000
2015-02-03,27.92600415544493,28.75976301591385,27.92600415544493,28.465496063232422,3149200
2015-02-04,28.61262527305378,28.61262527305378,27.58268922134216,27.69058609008789,2492300
2015-02-05,28.043715012261156,28.455689911941217,27.95543454297944,28.387027740478516,2010800
2015-02-06,28.48511387829522,28.74014423516683,28.318362109015393,28.396833419799805,1584100
2015-02-09,28.318364803698266,28.61263177941538,28.08294897804001,28.20065689086914,1653100
2015-02-10,28.39683867448144,28.406645953103602,27.690594875831525,28.053525924682617,1123300
2015-02-11,27.886771757868605,28.12218571380495,27.690592525803076,27.984861373901367,1638000
2015-02-12,28.06333060925295,28.45568717335343,28.06333060925295,28.30855369567871,1121100
2015-02-13,28.485113085745997,28.60281911319583,28.09275467183702,28.21046257019043,2893400
2015-02-17,28.181036208254927,28.230081947325605,27.563074863193524,28.13199234008789,3387600
2015-02-18,28.053522019569566,28.857853459708146,28.043712871408886,28.81861686706543,3729000
2015-02-19,28.239888629215145,29.367914336689836,28.200652041384764,29.044219970703125,2965200
2015-02-20,28.97556010311082,29.07364783863259,28.092755516185836,28.94613265991211,3737000
2015-02-23,28.946131789914403,28.995175656201237,28.082945524398937,28.21046257019043,3187000
2015-02-24,28.230088483807865,28.63225428278793,28.18104273338098,28.48512077331543,2004100
2015-02-25,28.583200454711914,28.661671762314757,28.298742666240432,28.583200454711914,1354700
2015-02-26,28.524349338208054,28.642057242890036,28.19084579099673,28.30855369567871,1626000
2015-02-27,28.3575909883541,28.436062282976362,28.043705809865052,28.23007583618164,1530100
2015-03-02,28.21046678488004,28.279128956301278,27.90639065248433,28.112377166748047,2868700
2015-03-03,28.06332706379532,28.269313532335328,28.004472183438086,28.151607513427734,1781600
2015-03-04,27.994672898429783,28.181041126714423,27.778875350662766,28.053525924682617,1851500
2015-03-05,28.082943486344295,28.200651376155324,27.84752957762567,28.151607513427734,1055100
2015-03-06,27.935812595537733,28.377214884280132,27.700398665176326,27.788679122924805,1488800
2015-03-09,27.778872012160445,27.955432940603593,27.63173852875907,27.8475341796875,1152700
2015-03-10,27.59250831604004,27.89658637241077,27.514036982019505,27.59250831604004,2330400
2015-03-11,27.612113604611032,27.710203193636424,27.43555271854599,27.602304458618164,1127400
2015-03-12,27.53364230757138,27.788674490676076,27.474789302517465,27.602304458618164,1969100
2015-03-13,27.474799996674413,27.484609146485347,27.00397203117372,27.14129638671875,2546200
2015-03-16,27.288433148343778,27.621936798095703,27.09225574142775,27.621936798095703,2359400
2015-03-17,27.464988018060232,27.621930657062556,27.308045379057912,27.445369720458984,1123200
2015-03-18,27.298234968567286,27.984860385645366,27.003968001764537,27.8475341796875,1830000
2015-03-19,27.65135258037521,27.670969003154433,27.08243515990156,27.288421630859375,1220100
2015-03-20,27.553262918364226,27.945619436582138,27.36689287062192,27.50421905517578,2935200
2015-03-23,27.504218749995232,27.96523741992299,27.494409603285693,27.769058227539062,1462300
2015-03-24,27.798488311572804,27.93581263676036,27.543456085579045,27.6807804107666,1010600
2015-03-25,27.80830401462786,27.80830401462786,27.31785774230957,27.31785774230957,1120400
2015-03-26,27.298231810265285,27.84753095783367,27.298231810265285,27.700397491455078,1704400
2015-03-27,27.6219278631367,27.72001747031746,27.10205425471122,27.474794387817383,1421200
2015-03-30,27.680778439029023,28.28893245321818,27.670969292085257,28.279123306274414,1534800
2015-03-31,28.073141841240474,28.13199486249861,27.778872993142183,27.984861373901367,1630800
2015-04-01,27.886767300386015,28.092753777316055,27.739633835306915,27.85733985900879,1316000
2015-04-02,27.827915672691084,28.504730019900286,27.749444362685512,27.896577835083008,918200
2015-04-06,27.81811060619746,28.681295142894225,27.778874009986577,28.563589096069336,1193000
2015-04-07,28.504733768372166,28.543970363986503,28.112377166748047,28.112377166748047,1447500
2015-04-08,28.171229420323286,28.33798120532498,27.7396381057691,27.926006317138672,1745700
2015-04-09,27.916197065471,28.181038464949832,27.690592260390716,28.141803741455078,1540900
2015-04-10,28.220272665379245,28.36740614008466,27.926003845064773,28.073139190673828,1223600
2015-04-13,28.092758651254368,28.5145426963209,28.00447818271003,28.161420822143555,941600
2015-04-14,28.190846868678396,28.534159576979377,28.03390423703859,28.504732131958008,801600
2015-04-15,28.612627063812237,29.456194999166403,28.494919170382367,29.377723693847656,2523200
2015-04-16,29.250209105822393,29.29925484507345,28.91670556252982,28.955942153930664,2009000
2015-04-17,28.593008596975423,28.76956950060156,28.455684281223306,28.553773880004883,1012100
2015-04-20,28.700912603305298,28.995179582682628,28.69110345453888,28.759765625,823900
2015-04-21,28.828424572794038,29.004985489044607,28.51453933097242,28.612628936767578,888800
2015-04-22,28.6518658321454,28.77938289063286,28.210465378906054,28.4556884765625,1231800
2015-04-23,28.436067466323735,28.779380144464135,28.33797786244025,28.65186309814453,1320300
2015-04-24,28.612628895615927,28.867661121955102,28.475304570242375,28.72052764892578,1942600
2015-04-27,28.779379856336554,29.161927249658287,28.6518628112936,28.916704177856445,1427600
2015-04-28,28.926514152583817,29.063838478031414,28.808808122458338,28.995176315307617,1591500
2015-04-29,28.79900116343919,29.152121151555356,28.62244023392923,29.112886428833008,1923000
2015-04-30,29.063833296584576,29.132497317970696,27.96523514705262,28.35759162902832,4873300
2015-05-01,28.426255232997153,28.436064379411015,27.151096133649112,27.69058609008789,5296600
2015-05-04,27.68078880067616,27.778878435927876,27.44537479861456,27.59250831604004,3991900
2015-05-05,27.572887697301557,27.837727240075758,27.357090158347297,27.415945053100586,3424300
2015-05-06,27.64154772992801,27.778872065244546,27.23938200144065,27.46498680114746,2361900
2015-05-07,27.38651651801142,27.690592645210796,27.337472645235458,27.494415283203125,1665700
2015-05-08,27.76906250788585,28.230083119779145,27.6807820447958,28.220273971557617,1776900
2015-05-11,28.161423469122443,28.661678880926285,28.09276129177949,28.62244415283203,2220800
2015-05-12,28.455685643431753,28.543966099470914,28.01428336323594,28.21046257019043,2061100
2015-05-13,28.25950723663515,28.710718677044937,28.22027251667548,28.67148208618164,2270100
2015-05-14,28.906895105298652,29.02460300326578,28.622437314142076,28.808807373046875,3007400
2015-05-15,28.848045034568067,29.289447358342972,28.828426737755013,29.112886428833008,2715800
2015-05-18,29.004987485298265,29.51505197381514,28.77938268607479,29.436580657958984,2053000
2015-05-19,29.41696162709348,29.52486038529171,28.749954523511168,28.86766242980957,2745100
2015-05-20,28.926512732684763,29.132501081648545,28.857850573331344,29.0638370513916,1169100
2015-05-21,29.230591340108127,29.6229497776159,29.16192917481537,29.573904037475586,1500200
2015-05-22,29.456202875270243,29.505246752619176,29.00499134586328,29.05403709411621,1129600
2015-05-26,28.877471316258116,28.906896889388324,28.259508087872188,28.367406845092773,2271200
2015-05-27,28.44587803109695,29.02460466485018,28.230082388524295,28.96575164794922,1548200
2015-05-28,28.79900338156345,28.94613687718618,28.455690644507804,28.848047256469727,1075400
2015-05-29,28.8186186466947,28.906899114688663,28.543969964850213,28.759765625,1670300
2015-06-01,28.838235461525027,29.073649407103975,28.593012367683993,28.936325073242188,1395400
2015-06-02,28.906895147781295,29.495430896674733,28.681290369824943,29.466005325317383,2236500
2015-06-03,29.42676593083308,29.809313289244827,29.309058043912255,29.49542808532715,2147600
2015-06-04,29.279642218820918,29.279642218820918,28.514545376490805,28.62244415283203,2787900
2015-06-05,28.5439688868387,28.955943764950327,28.4556884221788,28.83823585510254,1586200
2015-06-08,28.818613291857204,28.985365048094273,28.249695865443115,28.279123306274414,2730000
2015-06-09,28.357598912836135,28.583203714057106,28.259509299421524,28.347789764404297,1504900
2015-06-10,28.60282143350251,28.95594328630497,28.524350118535708,28.769573211669922,1799200
2015-06-11,28.78918800365534,29.044220213978527,28.740142268456555,28.887277603149414,1175800
2015-06-12,28.818615833394663,29.358107737459168,28.593011046502202,29.171737670898438,1728600
2015-06-15,29.00498327730854,29.00498327730854,28.3575945476913,28.87746810913086,1964500
2015-06-16,28.877473026828035,29.495434420915494,28.661675499604005,29.34830093383789,2675900
2015-06-17,29.47581302868057,29.740654400153385,29.063838185579613,29.26001739501953,2522000
2015-06-18,29.299251031629748,29.59351794522117,29.201161436798138,29.230587005615234,2105800
2015-06-19,29.171735382200385,29.5542827622139,29.132500664946857,29.269824981689453,3042300
2015-06-22,29.475819439779116,29.86817794399837,29.230596310094086,29.828941345214844,2310400
2015-06-23,29.838745028086244,30.025115096354703,29.52485977894168,29.671993255615234,1962700
2015-06-24,29.652379552175145,29.770087474285983,29.004990657825402,29.0344181060791,1535200
2015-06-25,29.063837271199798,29.20116346184875,28.593009428441057,28.632246017456055,1598600
2015-06-26,28.65185710866261,29.250201883458605,28.504723669046452,29.132495880126953,3213000
2015-06-29,28.789187721929384,28.926512037335154,28.18103370774023,28.279123306274414,2266500
2015-06-30,28.514536870128868,28.64205390792877,28.15160779218275,28.26931381225586,1694400
2015-07-01,28.47530323815263,28.543965397627353,28.112372275481704,28.19084358215332,2279200
2015-07-02,28.279129011716854,28.357600332195453,27.808301088845283,28.004478454589844,1853800
2015-07-06,27.621930803767643,28.033905701062775,27.474797312784492,27.778873443603516,2094500
2015-07-07,27.75925591437337,28.328173467254043,27.023586568187817,28.23989486694336,3302100
2015-07-08,27.955428362259617,28.151607555268427,26.905873982740385,27.17071533203125,3127700
2015-07-09,27.582696151948657,27.720020494440973,27.33747304269589,27.396326065063477,2374300
2015-07-10,27.729825529734576,27.729825529734576,27.406131148375568,27.553264617919922,1775400
2015-07-13,27.867155825494002,28.073144223734886,27.80830279924117,28.053525924682617,1663700
2015-07-14,28.063331943496067,28.426261080955232,27.94562403321778,28.347789764404297,1495700
2015-07-15,28.230081979567583,28.318362439091988,27.700399222421158,27.74944496154785,2188400
2015-07-16,27.975049626298002,28.082946510096885,27.788679560240094,27.965240478515625,1527800
2015-07-17,27.96524485262252,28.07314362420173,27.53365163720961,27.65135955810547,1497300
2015-07-20,27.66116159395578,27.700396310228673,27.21975934273917,27.61211585998535,2650900
2015-07-21,27.602307268679386,27.75924987873628,27.40612994156001,27.5728816986084,3226000
2015-07-22,27.40612973123252,27.621925350678765,27.180523093966595,27.239377975463867,2525000
2015-07-23,27.31786169103774,27.474804371192942,26.876459233786044,26.935312271118164,1930500
2015-07-24,26.954918637015602,26.994155225130843,26.327148194399747,26.48409080505371,1640700
2015-07-27,26.28791418861401,26.454665962677243,25.9936472324571,26.12116241455078,2208800
2015-07-28,26.297722187321547,26.837214077903468,26.287913039757846,26.690078735351562,2072500
2015-07-29,26.699894273366656,27.396328949847835,26.690085123455198,27.259004592895508,1525100
2015-07-30,27.200143638192213,27.347277112301477,26.945111409981134,27.249189376831055,1223400
2015-07-31,27.25900069949554,27.25900069949554,26.905878836735578,27.092248916625977,1774100
2015-08-03,27.013770732250766,27.327655921176007,26.719501964455873,26.89606285095215,1658500
2015-08-04,26.9353059523487,27.102057744758234,26.67046641103087,26.807790756225586,2286200
2015-08-05,24.787152100808854,25.25798001716036,22.570334989357388,22.668424606323242,13491900
2015-08-06,22.707659530523713,23.315813664344162,22.24664075889959,22.89402961730957,6586600
2015-08-07,22.74689491402107,23.325621570385874,22.70765832061829,23.188295364379883,4275800
2015-08-10,23.38447650688568,24.25747020173334,23.345239910265878,24.01224708557129,4260000
2015-08-11,23.698360809921393,24.04167353244064,23.610080342104904,23.982820510864258,3675900
2015-08-12,23.73759510150835,24.571352084131505,23.717976805918628,24.463455200195312,3923300
2015-08-13,24.36536864445257,24.414412518665056,23.67874318005454,23.7277889251709,4153200
2015-08-14,23.717976153851122,24.237847876360686,23.70816700632594,24.061288833618164,2558100
2015-08-17,23.89453845106133,24.051481078744516,23.65912450953655,23.992626190185547,2927900
2015-08-18,23.914159707021767,24.129957266855186,23.874924977627373,24.022058486938477,2330600
2015-08-19,23.88473314107314,24.061294093314725,23.67874473982329,23.717981338500977,3267500
2015-08-20,23.551225135739337,23.71797690715646,23.19810329723163,23.20791244506836,2873300
2015-08-21,22.992121155633836,23.266769863413064,22.619380950927734,22.619380950927734,3864300
2015-08-24,20.981289573811633,22.501674042187393,20.942054847434367,21.550207138061523,5594200
2015-08-25,22.276062405146412,22.531094618154473,21.393259742212976,21.412878036499023,4348200
2015-08-26,21.93275810735323,22.060273316182553,21.481546559617932,21.981801986694336,4251400
2015-08-27,22.3741532540966,23.37466386766887,22.24663807592929,23.198102951049805,3729900
2015-08-28,23.0411530914938,23.443318665940797,23.0411530914938,23.31580352783203,4427800
2015-08-31,23.06077784677644,23.992624395061807,22.874407788757942,23.77682876586914,3629800
2015-09-01,23.109824451901225,23.462946315075648,22.70765871702093,22.8155574798584,4789500
2015-09-02,23.050971194529755,23.247150421142578,22.59976159258553,23.247150421142578,3954100
2015-09-03,23.364858751340446,23.688553197357606,23.14906307763032,23.4237117767334,3090800
2015-09-04,23.021543406878617,23.413901854268907,22.913646517659647,23.237340927124023,2450100
2015-09-08,23.619886588665146,23.992624840722154,23.41390010300555,23.95339012145996,2524900
2015-09-09,24.610585935885123,24.787146834732194,23.835680184479287,23.894535064697266,3431700
2015-09-10,23.874921007920083,24.34574890779221,23.639507057984023,24.07110023498535,2973300
2015-09-11,23.825870457898,23.99262032198638,23.502174262705516,23.933767318725586,3301600
2015-09-14,23.776829980901674,23.835682997161054,23.56103434068152,23.757211685180664,2344000
2015-09-15,23.825873840561805,24.26727423404019,23.776828105128537,24.139759063720703,2172200
2015-09-16,24.139758581933823,24.52230595616082,24.100521994370297,24.453643798828125,2197000
2015-09-17,24.41441024374755,24.708679074314322,24.178996301836357,24.267276763916016,3186300
2015-09-18,23.90434789655428,24.28689532242845,23.835683859047887,24.110334396362305,5712000
2015-09-21,24.286889457552093,24.718482520279775,24.1691815782979,24.434022903442383,2531000
2015-09-22,24.061290226837677,24.355557186017727,23.874920154875007,23.992626190185547,2549700
2015-09-23,24.031858710876644,24.169183019106857,23.0803939578896,23.27657127380371,3208100
2015-09-24,23.050971477540653,23.747404185849554,22.91364713976792,23.639507293701172,3258600
2015-09-25,23.855297231796765,24.110329420042696,23.590455897360222,23.91415023803711,2507300
2015-09-28,23.67874017946219,23.727785918363427,23.129441000093802,23.149059295654297,3046700
2015-09-29,23.198109747250495,23.482569500896126,22.76651647695209,23.394289016723633,3702900
2015-09-30,23.659121703253422,24.090712942737934,23.423705918748354,23.747400283813477,3954900
2015-10-01,23.825876535197526,24.326129996869504,23.737596072336892,24.218233108520508,3772000
2015-10-02,23.384468835554525,24.30650797369978,23.001921498526542,24.277080535888672,4043700
2015-10-05,24.522308405296073,25.169697197523597,24.31632191272534,25.07160758972168,3537700
2015-10-06,25.120653807942894,25.552245097052783,24.993136754098483,25.140270233154297,2560300
2015-10-07,25.346262784582652,25.9249895191852,25.267791458072338,25.699384689331055,4908200
2015-10-08,25.601290113606854,26.30753191565192,25.49339135892777,26.26829719543457,2400600
2015-10-09,26.35657408973885,26.53313311319219,25.895553560939973,26.00345230102539,2225400
2015-10-12,26.023074187225017,26.121161923497578,25.620908481615857,25.777851104736328,1586700
2015-10-13,25.571864310146758,25.86613314971423,25.25797904466446,25.385494232177734,3185500
2015-10-14,25.30701907681372,25.493389126511005,25.002943005868076,25.110841751098633,2673900
2015-10-15,25.150074504712375,25.709182739257812,25.07160320637097,25.709182739257812,2113700
2015-10-16,22.619373924819975,22.619373924819975,18.156315100698176,18.381919860839844,24411200
2015-10-19,18.146508233256792,19.058738405948883,18.107271641745726,18.941030502319336,13030000
2015-10-20,18.764466830419543,19.627653008035683,18.7056138226877,19.460901260375977,5256000
2015-10-21,19.509950501963154,19.676702295608305,19.117593890711003,19.17644691467285,4000800
2015-10-22,19.186253936993204,19.35300571215368,18.607527297960004,18.95083999633789,5198100
2015-10-23,18.999883581960027,19.15682619126565,18.803704384876255,19.10778045654297,3964300
2015-10-26,19.058741428731597,19.303964551858037,18.950842655866698,19.1372127532959,2805800
2015-10-27,19.029311309889664,19.225490529220938,18.793897369234347,18.95083999633789,3196500
2015-10-28,19.08816117929975,19.617843861596477,18.990073456714473,19.460901260375977,4722300
2015-10-29,19.274535340177025,19.843452858945327,19.274535340177025,19.470714569091797,3858300
2015-10-30,19.500143258918918,19.872883479221,19.284347569362616,19.725749969482422,5425500
2015-11-02,19.666890442021167,19.853260508326688,19.47071309882387,19.647274017333984,4619900
2015-11-03,19.676702097975497,19.970970956636897,19.17644672206461,19.774791717529297,3983200
2015-11-04,19.755168141904438,20.020009482676972,19.480519525610003,19.56879997253418,4602300
2015-11-05,19.657087838354098,20.736068159712275,19.421671977104367,20.33390235900879,5894200
2015-11-06,20.216194686274523,20.55950555882138,19.872881942823728,20.451608657836914,10309500
2015-11-09,20.520266985111824,20.961669268350125,20.441795675969857,20.834152221679688,7730800
2015-11-10,20.83415313502128,21.403070618967018,20.824343987085566,21.079376220703125,5404000
2015-11-11,21.216702198209997,21.363837557772214,21.04995041215612,21.23632049560547,3483400
2015-11-12,20.59873980267477,20.726254987779406,20.15733748711311,20.27504539489746,4231700
2015-11-13,20.03962870914475,20.569309544463497,20.03962870914475,20.30447006225586,4645600
2015-11-16,20.265232431085742,20.794915110029784,20.216188570103537,20.765487670898438,3006700
2015-11-17,20.765487762468705,20.824340770087556,20.500646421828804,20.549692153930664,3431900
2015-11-18,20.696824598350247,21.020518930811555,20.549691151032068,20.90281105041504,4282500
2015-11-19,20.883197121465557,21.51096756941788,20.794916668359324,21.138227462768555,3212200
2015-11-20,21.216697060408478,21.51096583736944,20.971474015059357,21.089181900024414,2266800
2015-11-23,21.010715139041906,21.324600405549116,20.83415420890566,21.000905990600586,2793400
2015-11-24,20.961668017686694,21.412877550605998,20.86357841938579,21.344215393066406,2705900
2015-11-25,21.35402370353771,21.520775452846447,21.216697522934194,21.265743255615234,2663600
2015-11-27,21.28536099533314,21.52077489337189,21.177462257143286,21.304977416992188,1661500
2015-11-30,21.36383406553516,22.079884965286325,21.304979182969454,21.628673553466797,3689700
2015-12-01,21.70714141978207,22.217205762443182,21.609053706188416,22.128925323486328,3111900
2015-12-02,22.197596506649244,22.374157456430137,21.97199168010876,22.168170928955078,3756900
2015-12-03,22.23682568638705,22.80574307316095,22.09950138054956,22.501667022705078,5706700
2015-12-04,22.393773943676283,22.393773943676283,21.07937794710049,21.1284236907959,4418400
2015-12-07,20.95186404899597,21.01071707416058,20.118105063730876,20.451608657836914,5392200
2015-12-08,20.235808498589865,20.275045090897585,19.6668910064538,19.882688522338867,3842800
2015-12-09,19.863068457679233,20.402558457551088,19.725744138636262,19.941539764404297,4459500
2015-12-10,19.970970281840504,20.275046408369406,19.794409346790236,20.029823303222656,2803300
2015-12-11,19.87287959860569,20.01020393142556,19.34319682189409,19.451095581054688,3694600
2015-12-14,19.460901260375977,19.588416422278865,19.07835390376393,19.460901260375977,3553600
2015-12-15,19.686516626685087,20.0886824929406,19.61785443550552,19.931739807128906,2444700
2015-12-16,20.010207210933363,20.3829474195388,19.921926733679655,20.31428337097168,2698600
2015-12-17,20.22600450728091,20.2848575343999,19.470716820788486,19.480525970458984,3009000
2015-12-18,19.382436344657997,19.657086922719966,19.323583317539,19.480525970458984,8772600
2015-12-21,19.549188047690368,20.127914778974528,19.441289272768376,19.588422775268555,3441300
2015-12-22,19.58841610065386,19.931728736775575,19.53937224016648,19.83363914489746,1741400
2015-12-23,19.990588114253086,20.72625748143111,19.990588114253086,20.510461807250977,2135500
2015-12-24,20.461408122349138,20.59873240636929,20.216185117511408,20.284847259521484,1024400
2015-12-28,20.176955997861004,20.41236994502632,19.961160347352067,20.226001739501953,1942200
2015-12-29,20.402560186237498,20.559502812985198,19.970968898133176,20.37313461303711,2185000
2015-12-30,20.2260021356617,20.520269107656116,20.05925035262386,20.127912521362305,1733300
2015-12-31,20.010206851477477,20.16714950357503,19.794411172569344,19.863073348999023,2290300
2016-01-04,19.588422892927348,20.216195376084972,19.588422892927348,19.921926498413086,3487700
2016-01-05,19.863071180372458,20.137721727009144,19.058739708462475,19.088165283203125,4667800
2016-01-06,18.754666695266714,19.205876377836915,18.715430094571516,19.068552017211914,3412600
2016-01-07,18.65657464926373,18.950841632767283,18.51924843551207,18.55848503112793,2769100
2016-01-08,18.67619115391018,18.715425874855136,18.323069310887206,18.342687606811523,3360600
2016-01-11,18.440777024447932,18.529057493245393,17.93071438027842,18.117082595825195,3279300
2016-01-12,18.362306752308616,18.421161648801235,17.86205135754505,18.14651107788086,2905400
2016-01-13,18.31325796662301,18.31325796662301,17.587397942608536,17.73453140258789,2829300
2016-01-14,17.82281398415701,18.05822792245743,17.53835430606254,17.685489654541016,4361900
2016-01-15,17.165619308134236,17.81300822951155,17.07733883059151,17.783580780029297,3537400
2016-01-19,17.969950222616827,18.038612397974013,17.106765649563147,17.214662551879883,4404100
2016-01-20,16.979245969609654,17.508928733990608,16.72421373537849,17.302940368652344,5953300
2016-01-21,17.32255744934082,17.822812734749398,17.165614834809134,17.32255744934082,5413600
2016-01-22,17.685486730795567,18.097461522439996,17.459880106847326,17.548160552978516,4139500
2016-01-25,17.450076495577893,17.71491601867906,17.30294114052821,17.48931121826172,4148300
2016-01-26,17.5775925045683,17.714916846736354,17.38141326926779,17.56778335571289,3292300
2016-01-27,17.52854576309944,17.871856562345588,17.3519848543994,17.430456161499023,3315300
2016-01-28,17.685492435686683,17.83262593639908,17.293133939248342,17.656064987182617,3002000
2016-01-29,17.71491523355916,18.372113179794322,17.71491523355916,18.342687606811523,4497200
2016-02-01,18.293639757451796,18.489818952265,18.06803499304903,18.3917293548584,2711600
2016-02-02,18.156320858642122,18.25441048530339,17.911097727440968,17.999378204345703,2901800
2016-02-03,18.146506190003336,18.28383050302237,17.724722233269517,18.224977493286133,2883500
2016-02-04,18.25440634099948,18.852749373073557,18.20536060335171,18.538864135742188,2704100
2016-02-05,18.372113443616204,18.901796215756864,18.34268787021086,18.46039390563965,2149400
2016-02-08,17.930711124704537,17.99937328332401,16.881154838552497,17.312747955322266,4875900
2016-02-09,17.09695240314782,17.58739853349215,16.998862802898252,17.204851150512695,3629100
2016-02-10,17.214660514041586,17.459883608947614,16.80268563976331,17.155807495117188,4097700
2016-02-11,16.77325522197886,17.263701270160094,16.44956090501537,16.959625244140625,3701300
2016-02-12,17.175423982080307,17.538353076596003,16.959628354825124,17.32255744934082,4108500
2016-02-16,17.538348977757494,17.891470713378464,17.312744255956584,17.695293426513672,3572800
2016-02-17,17.85224045975162,18.430967061606335,17.695297842730366,18.205360412597656,5581700
2016-02-18,18.83313310993641,18.83313310993641,18.018992567058636,18.21516990661621,4375200
2016-02-19,18.087654689285888,18.49962953361671,17.87185718407704,18.323068618774414,2926700
2016-02-22,18.50944265297683,18.764473061469623,18.44077860510138,18.65657615661621,2813800
2016-02-23,18.63695456206155,18.64676371002371,18.332878458849365,18.342687606811523,2903700
2016-02-24,18.146511766342794,18.48001537550466,17.48931369780665,18.16613006591797,6052300
2016-02-25,19.02931270168029,19.725747297429734,18.931223084840447,19.539377212524414,5252600
2016-02-26,19.617845082890867,19.863068146427,19.421665883700555,19.82383155822754,4141600
2016-02-29,19.80421599915223,20.029820778432487,19.52956548248262,19.902305603027344,4297600
2016-03-01,19.941537998728908,20.55949925060993,19.902303284292085,20.49083709716797,3086000
2016-03-02,20.510456506461388,20.85376916326507,20.422176055543197,20.7949161529541,3132900
2016-03-03,20.82434467024116,21.11861350525525,20.745873355084818,21.098995208740234,2963200
2016-03-04,21.344215393066406,21.589438453366935,21.108801479686317,21.344215393066406,3102600
2016-03-07,21.33441094341483,21.697341975764886,21.167659150860032,21.58944320678711,2934000
2016-03-08,21.56001922615112,21.834669831844373,21.373650976374023,21.57963752746582,3064700
2016-03-09,21.648294497032897,21.785618831351986,21.47173356953479,21.540395736694336,3492500
2016-03-10,21.569822612052747,21.766001830960484,21.3736452640487,21.687530517578125,3299200
2016-03-11,21.94255717093582,22.168161905646357,21.84446758643896,22.128925323486328,1858000
2016-03-14,22.109320755826996,22.14855548811704,21.854288447776955,22.030847549438477,2156100
2016-03-15,21.667909164528005,21.667909164528005,21.118610048348405,21.491348266601562,3559100
2016-03-16,21.461924667119437,21.80523737775407,21.314791182819953,21.766002655029297,2417900
2016-03-17,21.795431810992575,22.1975976072542,21.756197081820353,22.08970069885254,1982800
2016-03-18,22.17797483795613,22.403579611187464,22.07007608949613,22.236827850341797,3025700
2016-03-21,22.148544456363847,22.315296195075266,22.011220155390898,22.2073974609375,2005200
2016-03-22,22.187785021915417,22.433008101034755,22.168166726569,22.26625633239746,2387100
2016-03-23,22.266258614038374,22.266258614038374,21.86409287274471,21.893518447875977,2317100
2016-03-24,21.824851782755207,21.98179438747578,21.736571333736958,21.8738956451416,2664200
2016-03-28,21.97198301160691,22.060263451668494,21.609053976601054,21.864086151123047,1559300
2016-03-29,21.82485750002344,22.15836109014555,21.667914854189966,22.14855194091797,1753600
2016-03-30,22.246637207888387,22.43300726492583,22.03083970892812,22.18778419494629,1775000
2016-03-31,22.217205762443182,22.344722783560066,22.079881466689503,22.128925323486328,1785800
2016-04-01,21.893523180067,22.06027500183417,21.687536626009784,22.030847549438477,2052300
2016-04-04,22.011228565458797,22.148552918900748,21.677724960610632,21.7365779876709,1658800
2016-04-05,21.609057130181736,21.971986218152708,21.560011394710315,21.628673553466797,2158300
2016-04-06,21.648300022815523,22.197599371205648,21.648300022815523,22.030847549438477,2392100
2016-04-07,21.86409175123169,21.962179491176276,21.29517238249231,21.42268943786621,3451500
2016-04-08,21.69734222732526,22.001418368719886,21.638487332161986,21.707149505615234,1755000
2016-04-11,21.805236113525197,21.96217873713256,21.471732570633637,21.510969161987305,2006700
2016-04-12,21.501164186217828,22.168171401426502,21.442311158671185,21.962182998657227,1826900
2016-04-13,22.030836898140734,22.393767818603752,21.893512595161745,22.325105667114258,1610200
2016-04-14,22.354535607897372,22.39377032561089,22.168165553773473,22.177974700927734,1224700
2016-04-15,22.13874348035694,22.207405656181958,21.922947803349167,22.168170928955078,1404300
2016-04-18,22.030838123842884,22.34472520239198,21.873895520020046,22.197589874267578,1332800
2016-04-19,22.35453943547654,22.63899726804131,22.295684542473754,22.452627182006836,2009600
2016-04-20,22.472238192283708,22.58994606921464,22.37414860665847,22.46242904663086,1151300
2016-04-21,22.45262354061463,22.540903994897548,22.295680926534683,22.511478424072266,2105300
2016-04-22,22.501669741527188,22.992115888381466,22.393770990530104,22.962688446044922,2464500
2016-04-25,22.844981946718043,23.031350131623274,22.3251083682635,22.511478424072266,2011100
2016-04-26,22.560520787719675,23.256953357480864,22.531093347949597,23.178482055664062,2856800
2016-04-27,23.178481848434824,23.914150997978805,23.050966685711362,23.82587242126465,3730600
2016-04-28,23.65912304647045,23.8160656644484,23.050968998628214,23.129440307617188,2222600
2016-04-29,23.109826758968666,23.50218338449622,23.060782882366706,23.266769409179688,2134200
2016-05-02,23.286383116364192,23.46294403076172,22.982307025403784,23.46294403076172,1666200
2016-05-03,23.306001868819646,23.306001868819646,22.746893542858782,22.874408721923828,1795200
2016-05-04,22.795941617620716,22.982311717635817,22.58014593980069,22.776323318481445,2618300
2016-05-05,22.56052562443844,23.21772361963867,21.952371501799377,22.71746826171875,3881700
2016-05-06,22.697845098173225,23.18829120225409,22.570329934309704,23.178482055664062,2395000
2016-05-09,23.109818826146295,23.149055410682436,22.71746233530151,22.76650619506836,1615100
2016-05-10,22.94307106618758,23.256956313348365,22.94307106618758,23.20791244506836,1708600
2016-05-11,23.20790949543414,23.355042952477717,23.070585184980594,23.178482055664062,2316500
2016-05-12,23.335428565360175,23.492371182681257,22.884217137384383,22.962688446044922,2130800
2016-05-13,22.86460070715058,23.1392512453126,22.364345372053894,22.41339111328125,2674900
2016-05-16,22.521288509061954,22.923456112562988,22.521288509061954,22.756704330444336,2377600
2016-05-17,22.75669997499607,22.894024285433222,22.256444724384917,22.30548858642578,2396100
2016-05-18,22.18778496986368,22.354536738109783,21.775810123073526,21.991605758666992,3855300
2016-05-19,21.864089989047283,22.207400792990864,21.707145501797065,22.13873863220215,2607400
2016-05-20,22.29568027218496,22.76650810060661,22.276061978274853,22.383960723876953,4556900
2016-05-23,22.364347962993868,22.599763806350975,22.11912484115883,22.433012008666992,2470800
2016-05-24,22.462435779112138,22.69784973262946,22.021035317856082,22.217212677001953,3974000
2016-05-25,22.36434354819356,23.070587197042006,22.35453627165162,22.962688446044922,3035500
2016-05-26,23.07058504450191,23.227527647179876,22.92345158835424,23.11962890625,2448300
2016-05-27,23.070588117161428,23.296192904695285,22.992116805371232,23.20791244506836,2425900
2016-05-31,23.23734297055032,23.75721477852216,23.178488075724,23.570846557617188,10871300
2016-06-01,23.364855115426053,23.541416035033386,23.24714908295693,23.482563018798828,2745500
2016-06-02,23.413897832017877,23.43351425429452,23.08039433157062,23.178482055664062,1838200
2016-06-03,23.139250493819052,23.227530954257485,22.835174391699823,23.15886878967285,2099000
2016-06-06,23.256955673663406,23.521797045259696,23.13924964466745,23.46294403076172,1275100
2016-06-07,23.462946361762636,23.84549380036027,23.39428419287627,23.639507293701172,2317100
2016-06-08,23.74739849460336,24.00243068284929,23.66892719598179,23.91415023803711,1666400
2016-06-09,23.688551165504638,23.708169462587538,23.433518916138286,23.639507293701172,1467700
2016-06-10,23.34523984778771,23.384476444302503,22.92345766067706,23.02154541015625,1663500
2016-06-13,22.94307404476002,23.10001668871541,22.55071743487155,22.58014488220215,1916800
2016-06-14,22.47224183510051,22.61937530193752,22.276062632048806,22.511478424072266,1925500
2016-06-15,22.57032911348482,22.982303900766418,22.32510607036252,22.60956382751465,2299500
2016-06-16,22.43301374261418,22.697853312779646,22.266261932041207,22.6488094329834,1803700
2016-06-17,22.71746233530151,22.962685375942417,22.599756323499733,22.76650619506836,3133600
2016-06-20,23.129431663037554,23.30599250999937,22.982298247537,22.992107391357422,1150700
2016-06-21,22.982304109464167,23.15886500146007,22.746890210437414,23.050966262817383,1376200
2016-06-22,23.13925449048946,23.384477618306512,23.060783164424162,23.109827041625977,1617700
2016-06-23,23.335431513423117,23.668933214185405,23.315813216053627,23.649316787719727,1854800
2016-06-24,22.786127201428897,22.97249725836776,22.521285836974236,22.570331573486328,4879200
2016-06-27,22.236825733769344,22.285869594271993,21.255933556489538,21.304977416992188,2704200
2016-06-28,21.599251189920043,21.726766379270853,21.187276305311897,21.501161575317383,2187600
2016-06-29,21.775808578099703,22.040648062250416,21.540392793004767,22.001413345336914,2948600
2016-06-30,22.070078106418666,22.678232192993164,21.981797644320697,22.678232192993164,2308800
2016-07-01,22.688035448201845,23.119628534070166,22.609564148126093,22.727272033691406,1308600
2016-07-05,22.58995090778811,22.717466086781315,22.148548613381575,22.599760055541992,1983000
2016-07-06,22.48205310400834,23.050970601463632,22.364345196888337,23.011734008789062,2226300
2016-07-07,23.08039726499816,23.48256297178587,23.070588117161428,23.20791244506836,2174100
2016-07-08,23.453132817579586,23.96319722071481,23.443323670876588,23.894535064697266,1898000
2016-07-11,24.022055093240592,24.34574951635696,24.012245944551758,24.19861602783203,1617000
2016-07-12,24.424216839104,24.98332512656957,24.38498212167136,24.90485382080078,2558600
2016-07-13,24.95389903640607,25.002942899901118,24.610586379230348,24.944089889526367,2484200
2016-07-14,25.18931245649563,25.27759290578409,24.8361906593418,24.87542724609375,1828800
2016-07-15,24.973520278930664,25.081419044527433,24.79696121373208,24.973520278930664,2516400
2016-07-18,24.90485423113645,25.2677851956115,24.846001218566066,25.189313888549805,1592100
2016-07-19,25.159890363805857,25.199126958896986,24.885241681783285,24.973520278930664,1274800
2016-07-20,24.94409206468948,25.12065298211358,24.620397673046515,25.061798095703125,1504200
2016-07-21,25.022558931190968,25.257972822307966,24.914660196173607,24.93427848815918,1187900
2016-07-22,24.846006861455017,24.93428733581214,24.669445912740763,24.914669036865234,1191000
2016-07-25,24.816570607149032,24.98332234721982,24.659628013071032,24.93427848815918,1325700
2016-07-26,24.983324473363183,25.287402412307486,24.796956296349723,25.267784118652344,1432600
2016-07-27,25.26778685124873,25.483582492082217,25.228550259695186,25.34625816345215,1759800
2016-07-28,25.28740352704418,25.424727846876873,25.012753016475255,25.0814151763916,1161000
2016-07-29,25.081414310334807,25.22854777234699,24.777338239389163,25.110841751098633,1140000
2016-08-01,25.10103302067451,25.297212220548243,24.816573367947953,24.90485382080078,1845300
2016-08-02,24.875426435677532,24.97351415755495,24.443833349984093,24.689056396484375,2883500
2016-08-03,24.679246305056605,24.973513201227032,24.54192200296418,24.93427848815918,2254900
2016-08-04,23.95339530332513,24.13976540512309,22.776323536364565,23.001930236816406,5867700
2016-08-05,23.14905640548177,24.443833816362538,23.14905640548177,24.375171661376953,3935200
2016-08-08,24.46345445054517,24.689059230202698,24.110332624365682,24.169185638427734,1766200
2016-08-09,24.237847241166584,24.600778206472764,24.237847241166584,24.316320419311523,1493600
2016-08-10,24.404602666548527,24.512501431792096,24.169188709483873,24.257469177246094,1504500
2016-08-11,24.29670780452027,24.8067723562769,24.29670780452027,24.590974807739258,2046000
2016-08-12,24.610591123654157,24.767533762177827,24.188807081032852,24.42422103881836,2019800
2016-08-15,24.453645813103382,24.94409197262522,24.414409222307896,24.89504623413086,1392600
2016-08-16,24.846000809200067,24.98332512656957,24.796956944683387,24.90485382080078,1437900
2016-08-17,24.855813583989146,24.97351962436977,24.708680098061475,24.953903198242188,1706500
2016-08-18,25.00294615491472,25.67976241049793,24.983327858601303,25.640525817871094,3835200
2016-08-19,25.46396571498347,25.611101071180777,25.36587797205696,25.44434928894043,2099500
2016-08-22,25.326639612600466,25.522818826585045,25.19912443314304,25.50320053100586,3064300
2016-08-23,25.601291003744702,25.866132390308806,25.522819689677974,25.8563232421875,1593400
2016-08-24,25.817085825064623,26.013265039417032,25.640524906328185,25.777851104736328,2665700
2016-08-25,25.758232638946353,25.944602704259506,25.581671721376377,25.718996047973633,1432800
2016-08-26,25.817085776658274,25.924984531440156,25.43453836738235,25.50320053100586,1779700
2016-08-29,25.513006182489924,25.728801791577393,25.493387889599234,25.62090492248535,1351700
2016-08-30,25.689574661794023,25.709191089573267,25.375689366478817,25.454160690307617,1267100
2016-08-31,25.33644522992082,25.405107383976706,25.091222182062157,25.23835563659668,1638400
2016-09-01,25.179502975614067,25.267783423730826,24.73810073503026,25.248165130615234,1634300
2016-09-02,25.44434726204623,25.67976119394359,25.307021065261715,25.66014289855957,1657500
2016-09-06,25.79746735901544,25.88574781780043,25.660143032418187,25.718996047973633,1649300
2016-09-07,25.66014542040604,25.68957286637416,25.38549487074833,25.513011932373047,1820600
2016-09-08,25.5718588432179,25.709183149782323,25.53262412887236,25.611095428466797,1226100
2016-09-09,25.41491774770634,25.41491774770634,24.7969564607013,24.836191177368164,2464500
2016-09-12,24.610589848979647,24.9244751097697,24.571353255929026,24.826385498046875,2716500
2016-09-13,24.620399263884543,24.76753274761039,24.23784996111284,24.394794464111328,2188500
2016-09-14,24.394795259801143,24.48307385619305,24.120144709225148,24.19861602783203,1269800
2016-09-15,24.296703429489956,24.5321173638557,24.17899552685526,24.463455200195312,1326600
2016-09-16,24.306510337271853,24.483069368597295,24.022050690146724,24.453643798828125,2824700
2016-09-19,24.649829840873274,25.051997522004363,24.63021341105801,24.924480438232422,1500100
2016-09-20,25.00294310431336,25.00294310431336,24.345745225228082,24.404598236083984,1801500
2016-09-21,24.54192797065652,25.257978964117513,24.404601764268122,25.21874237060547,2433000
2016-09-22,25.40511269504681,25.562055328813752,25.169698744396396,25.44434928894043,1613800
2016-09-23,25.611095019508554,26.042686224934624,25.513005428855962,25.709182739257812,2183200
2016-09-26,25.620914221784318,26.189831825783536,25.532633742637536,25.944608688354492,2012100
2016-09-27,25.826900088303177,26.44486155537422,25.74842876120044,26.366390228271484,2874700
2016-09-28,26.474283338539443,27.317851327529496,26.45466504323651,27.298233032226562,2942600
2016-09-29,27.2884209360054,27.553262281267532,27.07262532370112,27.268802642822266,2374500
2016-09-30,27.24919080674741,27.60231078895908,27.20014506553487,27.455177307128906,1899300
2016-10-03,27.29823662850456,27.53365059044244,27.02358607079177,27.347280502319336,2440100
2016-10-04,27.41594332554504,27.955433397128107,27.24919154272602,27.366897583007812,2350800
2016-10-05,27.533644525075772,27.82791331585176,27.376701918356623,27.720014572143555,1473600
2016-10-06,27.612124750559325,28.05352714389903,27.51403512193894,28.03390884399414,1445000
2016-10-07,27.965240478515625,28.151610544573533,27.75925211689296,27.965240478515625,2220500
2016-10-10,28.151609556465512,28.318361321105755,28.02409251067402,28.21046257019043,2133400
2016-10-11,28.063329175171326,28.122182189052992,27.190333759892606,27.33746910095215,1863800
2016-10-12,27.33747161419693,27.514030672073726,27.170719833782382,27.46498680114746,2195500
2016-10-13,27.268809181673376,27.474797567683936,26.915689174218485,27.347280502319336,2457300
2016-10-14,27.543454152586303,27.85733937150297,27.347274955311644,27.406129837036133,1584200
2016-10-17,27.415939122418916,27.504219574547907,26.90587470365217,27.082435607910156,2884000
2016-10-18,27.464976062808695,27.720008207900282,27.34726819934219,27.37669563293457,1253100
2016-10-19,27.52384124017334,27.818110093621133,27.229574257629395,27.670974731445312,1819000
2016-10-20,27.553265535898273,27.867150780291404,27.523838092647555,27.79848861694336,1614300
2016-10-21,27.52383950930932,27.92600523325058,27.37670602728998,27.729827880859375,1445400
2016-10-24,27.91619595320072,28.014285564385098,27.749446046362113,27.94562339782715,1370700
2016-10-25,27.867155075073242,28.936328022879053,27.78868375188125,27.867155075073242,2596800
2016-10-26,27.602308333400323,28.11237277121201,27.39632185134381,27.8769588470459,1548600
2016-10-27,27.935817404672573,28.04371617625178,27.61212296083887,27.65135955810547,1784200
2016-10-28,27.700400776849598,28.230083563719568,27.700400776849598,28.014286041259766,2174800
2016-10-31,28.053523403010583,28.24970076318739,27.739638130004646,28.20065689086914,1617800
2016-11-01,28.308555368692236,28.387026686149923,27.661166531940353,27.808300018310547,3502400
2016-11-02,27.769062471876012,27.98485999066239,27.61211984234249,27.94562339782715,3611800
2016-11-03,28.485110970107982,28.83823089713424,26.768549584910666,27.769058227539062,5045900
2016-11-04,27.6611591895983,28.171221682231064,27.200138684866246,27.5434513092041,3107600
2016-11-07,27.994668188269536,28.37721560090454,27.818107268313792,28.08294677734375,1574600
2016-11-08,28.08294986223763,28.642060127149936,27.906390793790642,28.445880889892578,1918900
2016-11-09,29.367916947802485,30.72154754294323,29.338489504313294,30.103586196899414,6408900
2016-11-10,30.407660425290082,30.9765778680884,30.250717811476996,30.76078224182129,2967000
2016-11-11,30.60384510336862,30.809831619262695,30.35862199154965,30.809831619262695,3018800
2016-11-14,30.9765792373856,31.261038906810857,30.7313561585998,31.182567596435547,3740100
2016-11-15,31.967285238709234,32.49696806212143,31.722062125108152,32.408687591552734,3706800
2016-11-16,32.26154740382621,32.3105912708532,31.565114763344095,31.614158630371094,3074000
2016-11-17,31.741676373315194,31.80052751831371,31.13352230598075,31.633777618408203,2862400
2016-11-18,31.07467323954703,31.623974360793323,31.06486409049936,31.310087203979492,2350300
2016-11-21,31.408179501790258,31.75149039321414,31.31989902373725,31.663209915161133,1253600
2016-11-22,31.623971247213603,31.712251709046992,31.23161280755245,31.604352951049805,2115000
2016-11-23,31.643591440134543,32.19289260517853,31.447415927154893,32.153656005859375,2087000
2016-11-25,32.1634628505485,32.271361613762764,31.967283621232333,32.25174331665039,708600
2016-11-28,32.14384278180057,32.25174153906791,31.614160014383124,31.653396606445312,1959900
2016-11-29,31.584737503605577,31.947666660850974,31.417983842077,31.741680145263672,1833200
2016-11-30,32.084987854718655,33.487664213874794,32.084987854718655,33.07569122314453,5006400
2016-12-01,33.37976663090405,33.987922603099335,33.13454353489845,33.438621520996094,2778700
2016-12-02,33.477851954435764,33.63479455732947,32.899125404676454,33.15415573120117,1568200
2016-12-05,33.42881761980209,33.517094351144706,32.90894205933462,33.095314025878906,2529100
2016-12-06,33.09531383489273,33.43862470527018,32.91875288961065,33.31110763549805,1522400
2016-12-07,33.37975684183677,33.96829434473809,33.1933886905782,33.91925048828125,1196300
2016-12-08,34.007541031246824,34.47837272199311,33.88002770090229,34.429325103759766,2838600
2016-12-09,34.419518943541874,35.16499561813069,34.1841030905197,34.9001579284668,3184700
2016-12-12,35.988928946331725,36.14587152892824,34.77262486666031,34.98841857910156,2913700
2016-12-13,35.03748012952431,35.057098427887354,34.14486813394879,34.399898529052734,2007600
2016-12-14,34.30181083699654,34.78244605137577,34.09582057474047,34.29199981689453,1621100
2016-12-15,34.23314330765977,34.841295495563514,34.14486284959251,34.68435287475586,2374600
2016-12-16,34.723588693715385,35.17479825078383,34.684352103933655,34.880531311035156,5487800
2016-12-19,34.87072602038036,35.115949134084595,34.26257374610004,34.49798583984375,1533400
2016-12-20,34.79224597232708,34.99823242706313,34.56664122545331,34.851097106933594,1207400
2016-12-21,34.71378627962284,34.74321185834907,34.23315103199007,34.36066436767578,1491300
2016-12-22,34.419515682030884,34.61569491732522,33.99773163578077,34.03696823120117,1312600
2016-12-23,34.02715335573889,34.164481424149315,33.93887289695011,34.14486312866211,625000
2016-12-27,34.27236905394794,34.45874095002605,34.223325196698184,34.370460510253906,714300
2016-12-28,34.47836078004717,34.586255774089366,33.674029511473464,33.762306213378906,893200
2016-12-29,33.86039211994124,34.00752367412295,33.68383126147838,33.929054260253906,989400
2016-12-30,34.07620227342863,34.51760084250904,33.91925964531378,34.18409729003906,1695800
2017-01-03,34.488181201320586,34.92958358813347,33.98792765747135,34.242958068847656,1311200
2017-01-04,34.311611830418464,34.60587876884465,34.24294966951259,34.43912887573242,1184000
2017-01-05,34.429324916550016,34.605885864167846,34.1448689381061,34.20372009277344,1375400
2017-01-06,34.27238715831566,34.70398231043887,34.05659332406249,34.233154296875,1418500
2017-01-09,34.154664303510216,34.154664303510216,33.47785006825244,33.53670120239258,1282100
2017-01-10,33.6445939899828,34.06637783852517,33.468033135160134,33.9094352722168,906000
2017-01-11,33.89964457618313,34.076205517346146,33.69365431695443,34.05658721923828,999800
2017-01-12,34.15467552570006,34.33123646974624,33.48766834637179,33.74270248413086,1400700
2017-01-13,33.75250360051741,34.36065577353555,33.75250360051741,34.223331451416016,865200
2017-01-17,34.1448708495402,34.20372200750203,33.477863619379896,33.4876708984375,1572500
2017-01-18,33.54651911365903,33.6249885559082,33.01683634669951,33.6249885559082,2304800
2017-01-19,33.693645831816205,33.89963603916998,33.31109846956992,33.81135559082031,1628100
2017-01-20,33.96830849205605,34.29200107292971,33.45824394049616,33.99773406982422,1671900
2017-01-23,33.997734007951586,34.22333883464881,33.49748047776346,34.10563278198242,1406700
2017-01-24,34.360650806887904,36.754030046931284,34.360650806887904,36.69517517089844,4435100
2017-01-25,36.783450686006375,37.27389669515313,36.64612640213426,36.88153839111328,3080100
2017-01-26,37.10715322569249,37.352376272412194,36.62651440772691,36.734413146972656,1442100
2017-01-27,36.685381924416255,36.704996482121274,35.75353327749025,35.998756408691406,1845000
2017-01-30,35.812380383732624,35.92027914794674,35.214039154394754,35.881046295166016,1484800
2017-01-31,36.018369931188005,36.028177208739805,35.017859239565276,35.204227447509766,2270000
2017-02-01,35.46907389509598,35.832003085126566,34.86092157145942,35.01786422729492,2181700
2017-02-02,35.08651287077953,35.21402989877136,34.62549236005982,34.851097106933594,1103700
2017-02-03,35.35135658938502,36.00855258225239,35.18460296585605,35.90065383911133,1610100
2017-02-06,35.90066041772667,36.89136383919339,35.69467391133331,35.97913360595703,2408300
2017-02-07,36.0085554419912,36.224352945411596,35.380784968557876,35.76333236694336,1406800
2017-02-08,35.83200760627224,35.890862512814664,35.2140479257152,35.478885650634766,1128100
2017-02-09,35.47887315438899,36.27339727472878,35.459258600925295,36.214542388916016,1151700
2017-02-10,36.40091571424169,36.57747663662049,35.74371589387453,36.253780364990234,1108600
2017-02-13,36.53825042485355,37.01888945938827,36.22436508296458,36.440162658691406,1194800
2017-02-14,36.23415397550838,36.67555618286133,35.881035951432544,36.67555618286133,1445000
2017-02-15,36.68537521362305,36.8815506892515,36.35187166652439,36.68537521362305,1132600
2017-02-16,36.714800581791934,37.00906753540039,36.26359100347181,37.00906753540039,1208400
2017-02-17,36.783461290607086,36.783461290607086,35.84180557960127,36.5284309387207,2265200
2017-02-21,35.9889336474164,37.94091078138264,35.3513559593742,37.73492431640625,2819700
2017-02-22,37.80359313951082,38.078241807924165,36.86193735483008,36.940406799316406,2089000
2017-02-23,37.02868472132578,37.12677245565276,35.83199490513906,36.43033981323242,1942300
2017-02-24,36.11646035244533,37.03849792480469,35.98894328396965,37.03849792480469,1632100
2017-02-27,37.04830636031684,37.646651322413334,36.79327224115725,37.40142822265625,1298500
2017-02-28,37.273910189432634,37.273910189432634,36.40091657579038,36.606903076171875,1936600
2017-03-01,37.24447069815025,37.82319713187452,37.116953689551735,37.51911926269531,2217100
2017-03-02,37.54855805390801,37.72511897669125,36.7540376431908,36.80308151245117,2362300
2017-03-03,36.793276733838326,37.40143278959685,36.78346945504584,37.31315231323242,1326200
2017-03-06,36.9403994811517,37.10715309808717,36.5970887136474,36.9502067565918,1344300
2017-03-07,36.950213430927775,37.43085233405858,36.68537578633341,36.812889099121094,1698000
2017-03-08,36.9207865415182,37.04830359156821,36.567664705568816,36.77365493774414,2098400
2017-03-09,36.548046784883304,36.803080887599,35.80257025608336,36.018367767333984,1463900
2017-03-10,36.44996773673292,36.69519087913339,36.2439811951505,36.597103118896484,1436100
2017-03-13,36.655939849901436,37.17581525158803,36.548041111026734,36.9502067565918,1308700
2017-03-14,36.52842673995137,36.58727787649509,35.93008190637858,36.51861572265625,874600
2017-03-15,36.685379909610546,37.27391389544711,36.518626243811894,36.93060302734375,1435200
2017-03-16,37.146387086346294,37.27390412183745,36.69517756606296,36.76383972167969,884800
2017-03-17,36.85212407760609,36.90116794513092,36.31263405121846,36.54804611206055,1695100
2017-03-20,36.44996436233123,36.567670412080375,36.08703519288347,36.391109466552734,676700
2017-03-21,36.54805365577344,36.54805365577344,34.98843439900373,35.22385025024414,2315400
2017-03-22,35.21403381438297,35.881040854006336,35.00804359493529,35.6161994934082,1831800
2017-03-23,35.64562533802492,36.136071474353386,35.51810829487354,35.73390579223633,1712400
2017-03-24,35.930093932889555,36.10665488523264,35.263086722217466,35.43964767456055,1241700
2017-03-27,34.90015246706945,35.420024227971865,34.39989526085876,35.29250717163086,1106000
2017-03-28,35.27288313966452,35.96931571401034,35.204220983985735,35.7829475402832,1322500
2017-03-29,35.586772744832736,36.11645550418937,35.30231681122919,36.018367767333984,1393100
2017-03-30,36.01836615354575,36.538237870839815,35.93008569760835,36.41072082519531,2175800
2017-03-31,36.204741621745185,36.75404276267286,36.10665386956177,36.40092086791992,1572800
2017-04-03,36.56766056361701,36.7736507724602,35.547535504186484,35.7829475402832,1829000
2017-04-04,35.78294687331746,36.234156385598354,35.488679962778036,35.65542984008789,2193200
2017-04-05,35.70447963802071,35.8908478197297,34.58625932234568,34.62549591064453,2821800
2017-04-06,34.58625406479861,35.066892843878776,34.58625406479861,34.909950256347656,1344200
2017-04-07,34.78244793094456,35.272894191928465,34.703978474927304,35.11595153808594,1163100
2017-04-10,35.14538085817443,35.70448929635143,34.96881990487558,35.11595153808594,962900
2017-04-11,35.037479765943814,35.115949216773906,34.71378345902428,34.939388275146484,1473000
2017-04-12,34.87072205951843,34.880533078364536,33.762312663770054,34.16448211669922,2037800
2017-04-13,34.07620161157607,34.497981876224074,33.49747498005412,33.50728225708008,1723900
2017-04-17,33.59556779642753,34.23314941191501,33.487669023793536,34.20372009277344,973900
2017-04-18,33.96829900265036,34.39989023718161,33.840781964931644,34.27237319946289,1066100
2017-04-19,34.517603884994365,34.74320869893198,34.28219179297587,34.380279541015625,1560500
2017-04-20,34.75301368491285,34.81186856860281,34.301804135377786,34.53721618652344,1265200
2017-04-21,34.54702797685947,34.66473400506311,34.00753421882786,34.34103775024414,1924900
2017-04-24,35.00803822557618,35.34154169423675,34.80205177952871,35.24345397949219,2074700
2017-04-25,35.43964704697889,35.68487017180087,35.184612901751585,35.312129974365234,1267000
2017-04-26,35.321928132062375,35.86142186080791,35.22384040418517,35.596580505371094,1087000
2017-04-27,35.596590327553514,35.76334025931754,35.30232332091771,35.43964767456055,909000
2017-04-28,35.488690922755964,35.586778675959295,34.74321052790204,34.7628288269043,1578300
2017-05-01,34.92957267536109,35.25326516335647,34.56664360039449,34.919761657714844,814700
2017-05-02,34.89033369120902,35.155175022358215,34.684347236472966,34.851097106933594,1893300
2017-05-03,34.625502652922734,34.909962360768844,33.97811378716027,34.380279541015625,3435000
2017-05-04,34.625499940182074,35.95951416313243,34.23314523695443,34.30180740356445,2404300
2017-05-05,34.33122859897802,34.399890756831425,33.53670453292259,33.850589752197266,2945500
2017-05-08,33.83097662390736,34.23314231189179,33.5759425338838,33.78192901611328,1687000
2017-05-09,33.75250202435154,34.046768949695675,33.49747168686849,33.850589752197266,3144500
2017-05-10,33.75250769045437,33.850595434766284,32.6833348135011,33.02664566040039,2680100
2017-05-11,32.86970863751046,33.007036741529014,32.24193798637287,32.96780014038086,1653700
2017-05-12,32.810855677862506,33.1639775852101,31.751489955819736,31.869199752807617,1663500
2017-05-15,32.07517720896427,32.19288323083851,31.702437107587702,31.829954147338867,1456800
2017-05-16,31.829953507015716,31.93785225064941,31.11390075958772,31.211990356445312,1704700
2017-05-17,31.211992611584026,31.211992611584026,30.4370886693177,30.45670509338379,1564200
2017-05-18,30.427281512484132,30.780401490522618,30.09377795979511,30.623458862304688,1673100
2017-05-19,30.839252471923828,31.08447553130734,30.69211901047441,30.839252471923828,1350500
2017-05-22,31.025624227315426,31.113904688544668,30.77059386254616,30.996198654174805,1152100
2017-05-23,31.015816560086996,31.23161220098659,30.672503867502996,31.094287872314453,841300
2017-05-24,30.790214635355152,30.92754085604917,30.56460981187034,30.68231773376465,1568600
2017-05-25,30.85887909160325,31.00601447257463,30.378241960901242,30.417478561401367,1446500
2017-05-26,30.417474873407752,30.72155100679939,30.172251762726525,30.476327896118164,1682500
2017-05-30,30.299761758697013,30.446897096585527,30.113393573604366,30.162437438964844,1212100
2017-05-31,30.172243491710777,30.172243491710777,29.652369966052373,30.074153900146484,2309400
2017-06-01,30.221294456998972,30.829448570950557,29.858365315061626,30.77059555053711,2438000
2017-06-02,30.701929826442775,31.162950428618515,30.594032940087683,30.996198654174805,1629000
2017-06-05,31.055051494872853,31.055051494872853,30.46651571365715,30.662694931030273,1761800
2017-06-06,30.378230785064705,30.81963302378336,30.103582166220562,30.6430721282959,1504700
2017-06-07,30.70192680361188,30.996195602370975,30.652882939270444,30.800016403198242,2072500
2017-06-08,30.800015203599358,31.398358183055276,30.800015203599358,31.202180862426758,1361400
2017-06-09,31.27084707055531,32.19288639679628,31.27084707055531,32.08498764038086,2124200
2017-06-12,32.114426729116616,32.37926444953024,31.888818128780077,32.035953521728516,1688500
2017-06-13,32.08499369896758,32.77161921706019,31.888814444968542,32.36945343017578,1208400
2017-06-14,32.33020205185809,32.36943863308323,31.53568186198392,31.83975601196289,1103600
2017-06-15,31.427800980697736,31.81034851035541,31.16295951974816,31.368946075439453,1996900
2017-06-16,31.2512294665939,31.623969590564943,31.202183728753713,31.44740867614746,1860200
2017-06-19,31.54550227772305,31.820150977100454,31.339515753189996,31.78091812133789,1409700
2017-06-20,31.506259414344246,31.60435088876244,31.02562241511654,31.162948608398438,1247000
2017-06-21,31.270847671429568,31.319893412062484,30.574414992575473,30.623458862304688,1358300
2017-06-22,30.613645553588867,30.8981051978888,30.55479254373157,30.613645553588867,998400
2017-06-23,30.672504937649926,31.104096234507093,30.486134863018492,31.015817642211914,1775800
2017-06-26,31.055046741922517,31.9182329211699,31.025619302549295,31.673009872436523,1543200
2017-06-27,31.663203928834626,32.09479895852114,31.447410155798742,31.54549789428711,1086200
2017-06-28,31.829957144217328,32.17326796609377,31.565115763709507,31.643585205078125,1412400
2017-06-29,31.78091366289729,31.879001401255127,31.01581695574184,31.27084732055664,1195000
2017-06-30,31.457224113096917,32.55582273305307,31.290472302990562,32.29098129272461,2501900
2017-07-03,32.447919099684675,32.565625128049824,31.85938147424455,32.04574966430664,838100
2017-07-05,32.05556068272459,32.34002034793029,31.741675445879398,32.04574966430664,1674000
2017-07-06,31.88879874769752,32.644086071628166,31.88879874769752,32.1340217590332,2113200
2017-07-07,32.15364998046284,32.52639012052947,31.88880859740028,32.41849136352539,1257200
2017-07-10,32.28115968626034,32.879504481239834,32.10459880440388,32.75198745727539,1933700
2017-07-11,32.75199196579108,32.92855287195224,32.428299465700285,32.771610260009766,1895200
2017-07-12,33.085495688814106,33.693647846132,33.04625910013371,33.1051139831543,1491000
2017-07-13,34.125241142391815,34.33122761001828,33.66422060282195,33.71326446533203,1989400
2017-07-14,33.732885611553385,33.95849039162509,33.53670640311494,33.57594299316406,1250600
2017-07-17,33.55632138497921,33.6151762642419,33.09530459374529,33.15415573120117,1572300
2017-07-18,33.07568838945217,33.163968843017884,32.08498510590278,32.44791793823242,1521600
2017-07-19,32.604855189793724,32.9187403637912,32.477338168542744,32.73236846923828,1347400
2017-07-20,32.79122884385643,32.87950929771675,32.09479623107339,32.12422180175781,1952200
2017-07-21,32.1438427033749,32.73237661564234,32.09479883432051,32.41849136352539,2135600
2017-07-24,32.506779431410585,33.02665130029486,32.39888064915726,32.96780014038086,2826400
2017-07-25,33.28167019907056,33.929058853813835,33.25224463261158,33.51708221435547,1499100
2017-07-26,33.065885702777166,33.13454787931674,31.7613006067173,33.12474060058594,2607700
2017-07-27,33.124731134638445,33.48766021289283,33.00702511446536,33.291481018066406,1040800
2017-07-28,33.23263673300432,33.409197670582515,32.791234389058836,32.93836975097656,1194300
2017-07-31,33.232645655326984,33.634811511827145,33.046273647952894,33.08551025390625,1584800
2017-08-01,33.22282071188632,33.80154731086949,33.05607081916925,33.78192901611328,2393100
2017-08-02,33.63480903504385,33.92907607440754,33.37977485693582,33.56614685058594,2177600
2017-08-03,33.948691215100546,35.39060443808226,33.80155583821374,35.01786422729492,3913500
2017-08-04,35.55733968133796,36.63631952666974,35.3219239239494,35.80256271362305,3974500
2017-08-07,35.802566978997405,35.85161084293601,35.400401307809716,35.596580505371094,2302700
2017-08-08,35.43964259458145,36.33225450711941,35.370980427602184,35.8418083190918,2377000
2017-08-09,35.586775148420344,36.33225546937853,35.52792399905514,35.97913360595703,2031000
2017-08-10,35.68486296913736,35.89084945437743,34.97861931482035,34.99823760986328,1714600
2017-08-11,34.85111510878601,35.066912691961434,34.5960846628766,34.929588317871094,1507300
2017-08-14,35.13556751493338,35.30232117838496,34.762827333519056,34.939388275146484,1611300
2017-08-15,34.93937837353126,34.9884222341273,34.56664203955601,34.65492248535156,974800
2017-08-16,34.733397639094555,34.733397639094555,33.40919447569788,33.61518096923828,2606800
2017-08-17,33.57594848929526,33.81136432631864,33.163975451764074,33.18359375,1251600
2017-08-18,33.44843092497531,33.742701652336734,33.15416393942163,33.38957977294922,998900
2017-08-21,33.4190002217038,33.4386185166385,32.95797964525615,33.13454055786133,1232000
2017-08-22,33.20319769976642,33.72307308242649,33.036447830740435,33.64459991455078,903900
2017-08-23,33.41899545550231,33.978103685076555,33.360140579092054,33.762306213378906,895800
2017-08-24,33.801542485694924,33.830971794531756,33.330714704178064,33.752498626708984,1822900
2017-08-25,33.93887367351109,34.21352607480903,33.86040423157407,33.94868469238281,853400
2017-08-28,34.23314246974292,34.93938237518726,34.07619985277672,34.223331451416016,1535800
2017-08-29,33.8407852283144,34.77263368586132,33.42881224768937,34.58626174926758,1314300
2017-08-30,34.46855605597885,35.07670825602164,34.046772052550395,34.70397186279297,1953500
2017-08-31,34.82167007083892,35.380778276857164,34.79224450477684,35.24345397949219,1464700
2017-09-01,35.400403495125744,35.567153391181506,35.09632553302692,35.33174133300781,1010200
2017-09-05,35.27288199821941,35.390591754265486,34.97861509171769,35.09632110595703,1477400
2017-09-06,35.34154814464546,35.429828600750774,34.85110199779528,34.880531311035156,1411500
2017-09-07,34.91976207371352,35.066897405704985,34.664731738976165,34.82167434692383,1213300
2017-09-08,34.76282944330939,35.62601590567469,34.74321114395927,35.43964767456055,2029100
2017-09-11,35.68486029265539,36.0968332322362,35.33173849198218,35.46906280517578,3754600
2017-09-12,35.56715590936726,36.20473745052614,35.56715590936726,35.8418083190918,1474000
2017-09-13,35.78295566050937,35.96932387652905,35.31212773966411,35.576969146728516,1762200
2017-09-14,35.5573458819369,35.81237623359149,35.45925814864063,35.76333236694336,1034300
2017-09-15,35.6848650915774,35.82218942323846,35.32193222440756,35.60639190673828,1943000
2017-09-18,35.684847382273816,36.077201886333626,35.57694867757056,35.64561080932617,882500
2017-09-19,35.72410252972831,36.10665374223355,35.616207499430196,36.06741714477539,847000
2017-09-20,36.19492579299012,36.410719545178665,35.97912829899456,36.263587951660156,741300
2017-09-21,36.2341655178477,36.65594956792069,36.2341655178477,36.35187530517578,955500
2017-09-22,36.34205866411146,36.47938298627916,36.096835591152804,36.41072082519531,1003100
2017-09-25,36.400923856614476,36.842326261296954,36.32245065497839,36.597103118896484,731400
2017-09-26,36.64613850483216,36.94040545914314,36.47938486091129,36.793270111083984,918600
2017-09-27,36.90116782058929,37.02868486916928,36.646137465236556,36.871742248535156,658500
2017-09-28,36.84231810458242,36.940405843103164,36.36167920549307,36.80308151245117,1271200
2017-09-29,36.77366225020792,36.891368304994536,36.5578646982591,36.65595245361328,737500
2017-10-02,36.499007682282944,36.86194058801362,36.499007682282944,36.704994201660156,1555700
2017-10-03,36.73441834668148,36.852124378062186,36.51862083764413,36.77365493774414,821100
2017-10-04,36.73441777653761,36.95021154041842,36.33225207890544,36.43033981323242,877900
2017-10-05,36.48919178840045,36.83250257296837,36.48919178840045,36.7834587097168,1109800
2017-10-06,36.616706413923765,36.832500146375175,36.508807676794724,36.82269287109375,786000
2017-10-09,36.86194272674989,36.94041218267163,36.538246398826665,36.65595245361328,955600
2017-10-10,36.7147993997867,36.93059690499555,36.44015075083522,36.64613723754883,1050500
2017-10-11,36.763844920319926,36.83250708564592,36.55785842434194,36.80308151245117,975200
2017-10-12,36.70498553506875,36.97963790453,36.62651610222762,36.7834587097168,987800
2017-10-13,37.02868608285125,37.06792267474764,36.49900331767206,36.577476501464844,859000
2017-10-16,36.96983469960023,37.61722356003112,36.920790825984255,37.11697006225586,1378700
2017-10-17,37.09734220841193,37.10715322569249,36.61670713225309,36.734413146972656,795900
2017-10-18,36.73441908253016,36.861936135134535,36.518621569170044,36.68537521362305,1030500
2017-10-19,36.57747616253792,36.67556389956266,36.17531045384479,36.45976638793945,809500
2017-10-20,36.636321683200734,36.930592332709764,36.23415603625269,36.734413146972656,1197200
2017-10-23,36.76383972167969,36.852120170587895,36.56766053057181,36.76383972167969,711900
2017-10-24,36.989446776516644,37.33276131770518,36.80307859139629,37.15620040893555,966600
2017-10-25,37.09735483632313,37.33277068770438,36.44996592228469,36.65595245361328,975500
2017-10-26,36.69518948100691,37.244490646105945,36.57748342484572,37.1071662902832,922100
2017-10-27,37.03850160217371,37.49952230502976,36.99926874335411,37.25429916381836,1002900
2017-10-30,37.13658445622597,37.40142583608107,37.06792229201991,37.332763671875,944300
2017-10-31,37.42104426389809,37.44065881790564,36.950212647955766,37.00906753540039,1766700
2017-11-01,37.06792824960729,37.2444891978877,36.557863703664744,36.62652587890625,1958500
2017-11-02,36.08703210895494,37.31314760266659,35.351362812727956,35.861427307128906,2522700
2017-11-03,35.773146618538206,35.93008925108103,34.83148708147375,34.97862243652344,1915100
2017-11-06,35.027661889254446,35.80256767672969,34.939381435721735,35.6161994934082,1478700
2017-11-07,35.488671362447214,35.576951788395824,35.01784367132325,35.518096923828125,1684000
2017-11-08,35.361151268164065,35.90064104987477,35.15516487289725,35.64561080932617,1404400
2017-11-09,35.37097953495227,35.49849284652005,34.77263460196969,34.831485748291016,1261700
2017-11-10,34.75301994301316,35.29251004432752,34.703976068676894,35.15518569946289,850300
2017-11-13,34.978620544353255,36.087029931494214,34.978620544353255,36.018367767333984,1868000
2017-11-14,35.694672677558486,35.694672677558486,35.04728386426504,35.06690216064453,1839000
2017-11-15,34.87071684640447,35.272882497403195,34.62549379721484,34.674537658691406,1705100
2017-11-16,34.811864170945995,35.39059069113066,34.76281656983016,35.282691955566406,1703700
2017-11-17,35.12575446589149,35.675051756880535,35.12575446589149,35.321929931640625,1588700
2017-11-20,35.36116705208021,36.008555827464555,35.27288659444566,35.77314376831055,1611600
2017-11-21,36.08703188673635,36.430342726138534,35.85161606699805,36.18511962890625,1104700
2017-11-22,36.30282277231067,36.30282277231067,35.70448160590669,35.77314376831055,740900
2017-11-24,35.83200243613896,35.83200243613896,35.351367198389006,35.43964767456055,369100
2017-11-27,35.46906280517578,35.616198136058586,35.33173849198218,35.46906280517578,1021100
2017-11-28,35.68486814421419,36.39110815914409,35.675057124366326,36.35187530517578,1013900
2017-11-29,36.39110917488444,36.98945418084271,36.33225802138548,36.93060302734375,1511100
2017-11-30,37.01887298119071,37.47008249158332,36.55785245346401,37.17581558227539,1898900
2017-12-01,37.20523883168487,37.27390098151683,35.64562019357546,36.67555618286133,1965600
2017-12-04,37.166019786148745,38.450990431276736,37.166019786148745,38.058631896972656,2746500
2017-12-05,38.16651760644365,38.205754194794594,37.63683488912694,37.68587875366211,1796800
2017-12-06,37.52893555645657,37.81339520485163,37.28371249580019,37.55836486816406,1356600
2017-12-07,37.40142012795809,37.891866221326204,37.264095820504096,37.71530532836914,1006800
2017-12-08,37.9899522651983,38.666766497099864,37.64664151172792,38.647151947021484,1364600
2017-12-11,38.55888264831349,38.7746764378013,38.30384852190837,38.42155456542969,1595500
2017-12-12,38.58829885217785,38.91199132870135,38.323457512218575,38.372501373291016,1249400
2017-12-13,38.33327063787188,38.33327063787188,37.52893555645657,37.55836486816406,1607000
2017-12-14,37.489707976138476,37.56817742083032,36.47938627990084,36.724609375,1355900
2017-12-15,36.87175430255472,37.72512984737316,36.734429932332034,36.999271392822266,3365900
2017-12-18,37.126765407290854,37.695684635440614,37.126765407290854,37.64664077758789,1414500
2017-12-19,37.65645487940293,37.705498746147114,36.92078565281869,37.077728271484375,1164400
2017-12-20,37.371982561525506,37.9310906850997,37.22485101110414,37.8035774230957,1340000
2017-12-21,37.87224625569511,38.8040945402946,37.7741547962703,38.647151947021484,1484600
2017-12-22,38.882568116437405,38.941422998374584,38.264604952421415,38.65696334838867,955600
2017-12-26,38.62754846197889,38.882578870629345,38.62754846197889,38.74525451660156,476300
2017-12-27,38.813912180020225,38.813912180020225,38.45098303774998,38.72563171386719,633600
2017-12-28,38.941424120185076,38.95123139655364,38.509829123826464,38.578495025634766,570500
2017-12-29,38.80410373348469,38.8923841969785,38.3528903968455,38.362701416015625,534900
2018-01-02,38.53926298745929,38.83352995675693,38.284228870075815,38.49021911621094,885700
2018-01-03,38.59811702317431,38.86295843789321,38.20576228203386,38.79429626464844,973300
2018-01-04,38.99048605807604,39.33379701720978,38.706026268045896,39.098384857177734,1219000
2018-01-05,39.1474090509222,39.1474090509222,38.46078373627627,38.75505065917969,1417800
2018-01-08,38.81391448460789,38.961049850868356,37.96053908899746,38.3528938293457,1322800
2018-01-09,38.450981058441876,38.61773096269866,37.89187271552254,37.90167999267578,1753100
2018-01-10,37.960536904370834,38.04881737068502,37.332766362495555,37.41123580932617,1669800
2018-01-11,37.61722350187582,38.41174772373403,37.41123698792256,38.32346725463867,1614800
2018-01-12,38.480399649290966,38.71581541813286,38.205751037147664,38.68638610839844,1082900
2018-01-16,38.93162186733011,39.02971336213616,37.82321603958121,37.95072937011719,1248700
2018-01-17,38.2548010964817,38.28422666917758,37.59760502755837,37.989959716796875,1039900
2018-01-18,38.01938991085653,38.25480574646094,37.725122922706845,37.793785095214844,1190100
2018-01-19,37.93110233322726,38.25479857880764,37.63683540021323,38.244991302490234,1175600
2018-01-22,38.15670663467779,38.519635687255814,38.107659033085994,38.343074798583984,907600
2018-01-23,38.2842276316646,38.43136298245767,37.852636340109605,38.12728500366211,1367100
2018-01-24,38.44116606578409,38.55887583029952,37.94091266291799,38.225372314453125,1790900
2018-01-25,38.490214720144635,38.490214720144635,37.62702846589176,38.14690017700195,1451000
2018-01-26,38.254796051115775,38.392120361328125,37.99976572383667,38.392120361328125,1343800
2018-01-29,38.36270081656955,38.83352870057701,38.02919726433833,38.12728500366211,890500
2018-01-30,37.842832148341074,37.950727173671275,37.322956610477284,37.6662712097168,1306900
2018-01-31,38.20576440978895,38.34308876392637,37.55837549613542,37.754554748535156,1177700
2018-02-01,37.666266360557835,37.84282727645164,37.391613968163455,37.52893829345703,1406300
2018-02-02,37.27391819931915,37.27391819931915,35.38079521248275,35.400413513183594,2779700
2018-02-05,35.08652412109759,35.557352057951455,33.58575983851291,33.74270248413086,2300000
2018-02-06,33.065880464014825,34.68435435015873,32.467535527418505,34.50779342651367,2047200
2018-02-07,34.33123043306723,34.91976431519695,33.76231110410897,33.79174041748047,2807800
2018-02-08,33.82116424835448,33.830975266242426,32.85989029471981,32.86969757080078,2003400
2018-02-09,33.389562092924486,33.575930212003364,32.07516676107969,32.889305114746094,2084800
2018-02-12,33.08549971247345,33.605371479387664,32.84027661610901,33.33072280883789,1535700
2018-02-13,33.105116796251735,33.36014716073132,32.85008643177214,33.07569122314453,1020100
2018-02-14,32.80105124790688,33.80156227248784,32.663726865636534,33.77213668823242,1345700
2018-02-15,34.10562722904456,34.16448211669922,33.46804570911144,34.16448211669922,933300
2018-02-16,34.066394940496615,34.77263871433494,34.056587662218995,34.399898529052734,1123600
2018-02-20,34.24294039246008,34.65491698809028,34.09580509220512,34.28217697143555,1451100
2018-02-21,34.252759145812306,35.047283298215845,34.144864130178874,34.17428970336914,2165900
2018-02-22,35.55734584213955,36.50881256963854,35.135561854184765,35.21403503417969,3045900
2018-02-23,35.4494390525191,35.4494390525191,34.11542522954555,34.98841857910156,2007700
2018-02-26,34.9688151590303,35.26308212732215,34.63531159715086,34.97862243652344,1648400
2018-02-27,34.96880529739769,35.41020375445193,34.36064949372008,34.370460510253906,1702700
2018-02-28,34.50779095486443,34.61568970512001,33.78192901611328,33.78192901611328,2337900
2018-03-01,33.66421837270823,33.95848527008163,33.07568457796142,33.213008880615234,2162300
2018-03-02,32.87950699834144,33.64460171708717,32.702946102968305,33.585750579833984,1888300
2018-03-05,33.36015655540378,33.88983947134347,33.301305392616094,33.56614685058594,1419500
2018-03-06,33.674038394721684,34.34104179429436,33.55632861084921,34.01734924316406,1686100
2018-03-07,33.68384704808574,34.71378337728196,33.68384704808574,34.49798583984375,1898500
2018-03-08,34.55684073418356,34.72359439724248,34.23314816983401,34.49798583984375,1745200
2018-03-09,34.782446823180116,35.380791841213444,34.67454805051077,35.30232238769531,1020500
2018-03-12,35.30232131654928,35.5083078353182,35.008050584813354,35.272891998291016,898300
2018-03-13,35.42982118481519,35.68485522320725,34.5960644064092,34.782432556152344,1355400
2018-03-14,34.939388637709094,34.9884325127128,34.3410436339636,34.399898529052734,1435800
2018-03-15,34.57644555228097,35.46905718849739,34.14485438747298,34.33122253417969,3586200
2018-03-16,34.29199445183312,34.90995765830391,34.223332289092724,34.68435287475586,2128700
2018-03-19,34.57645113808233,34.76281931489668,33.96829900265036,34.27237319946289,1572200
2018-03-20,34.380281227334336,34.5176055780487,34.27238245411364,34.429325103759766,1213900
2018-03-21,34.51760342986186,35.57696905540001,34.51760342986186,35.13556671142578,1391400
2018-03-22,34.72358670878623,35.155177946292454,33.664221296079674,33.73288345336914,1546200
2018-03-23,33.840791692712514,33.948690467813336,32.49696999783857,32.575439453125,1490500
2018-03-26,33.134545155481376,33.68384626445048,32.58524778831995,33.59556579589844,1867600
2018-03-27,33.7721296936515,33.86041016994269,33.17378465898989,33.350345611572266,1981400
2018-03-28,33.43861777970115,33.526898234058166,33.065877667770735,33.22282028198242,1856300
2018-03-29,33.48766659666749,33.94868723112319,33.419004426660166,33.69365310668945,1125500
2018-04-02,33.585741226684526,33.69363619553709,32.37924086369229,32.889305114746094,1282400
2018-04-03,32.987403309061165,33.5367005059303,32.76179856866041,33.51708221435547,1068400
2018-04-04,32.90893409437325,33.909444633988876,32.90893409437325,33.850589752197266,1140100
2018-04-05,34.03696476959058,34.28218785331702,33.781930667103,33.938873291015625,875500
2018-04-06,33.61518126701827,33.85059333549061,32.48715356834897,33.07569122314453,1290400
2018-04-09,33.30128696033942,33.38956739746611,32.78141161201277,32.820648193359375,636000
2018-04-10,33.3503323486792,33.615173672229616,33.095302041819465,33.51708221435547,1204400
2018-04-11,33.19339847356301,33.49747646010561,32.95798265465784,33.33072280883789,786100
2018-04-12,33.536709165469595,33.84078715068587,33.44842870149116,33.6544189453125,631700
2018-04-13,33.870226491446395,33.91927412388697,33.39939840612706,33.49748992919922,1007400
2018-04-16,33.74270721923295,34.08601813538398,33.575953530096484,33.88003158569336,769600
2018-04-17,34.09581869060477,34.39008940847837,33.95849435122782,34.01734924316406,1358900
2018-04-18,34.135044205052644,34.16447351237186,33.575936009470546,33.91925048828125,1314600
2018-04-19,33.91925925431285,33.91925925431285,33.419002060470845,33.6249885559082,930200
2018-04-20,33.47785619279146,33.83097802945984,33.05607219252725,33.163970947265625,1524400
2018-04-23,33.163967611414115,33.20320045680309,32.82065308616058,32.85008239746094,1115700
2018-04-24,33.10511657509916,33.14435316685156,32.035943771594035,32.08498764038086,1649200
2018-04-25,32.08499382795488,32.37926083923242,31.908432872826747,32.153656005859375,1513100
2018-04-26,32.369451492344815,32.369451492344815,31.751488188875676,32.202701568603516,945400
2018-04-27,32.1046130532971,32.45773497373505,32.06537645284663,32.29098129272461,2014600
2018-04-30,32.418493605299645,32.53619964753116,31.879003524780273,31.879003524780273,1248700
2018-05-01,31.9476705333371,32.25174857544888,31.57493031104011,32.18308639526367,1517400
2018-05-02,32.14384979464121,32.653914377308624,32.075187614456,32.18308639526367,2115100
2018-05-03,33.39939155448454,33.713276880306125,31.918245407126925,33.409202575683594,3455800
2018-05-04,33.36013607454258,34.42930852988438,32.96778151020623,34.28217697143555,1672800
2018-05-07,34.45873673282055,34.743192566778795,34.174277157056295,34.468544006347656,1456700
2018-05-08,34.57644850061885,35.027657994366386,34.53721191634343,34.851097106933594,1062700
2018-05-09,35.135552825387215,35.43963070701776,35.01784682744896,35.390586853027344,1443400
2018-05-10,35.45926652466909,35.665253058332766,35.08652631484335,35.567161560058594,922300
2018-05-11,35.606394667962114,35.85161777688997,35.439644749958866,35.68486785888672,1335500
2018-05-14,35.72410065818652,35.949709210847644,35.684867804591605,35.79276657104492,1053000
2018-05-15,35.616194556136726,35.88103588002141,35.449440948443474,35.80256271362305,999200
2018-05-16,35.85161101826594,36.263587709340285,35.69466840781072,36.03798294067383,1168200
2018-05-17,35.94970560317375,36.35187131117253,35.939894584403824,36.018367767333984,1133100
2018-05-18,36.06740049941408,36.26357965435893,35.910457923819436,35.920265197753906,677500
2018-05-21,36.136072949639555,36.32244114200247,36.07721806382679,36.214542388916016,678100
2018-05-22,36.067412559980205,36.07721983719413,35.469067621130904,35.49849319458008,981200
2018-05-23,35.2140334046356,35.420019879879405,34.49797876664276,34.94919204711914,1295100
2018-05-24,34.851099501418645,34.97861653817168,34.46855213296644,34.919761657714844,856000
2018-05-25,34.929568547514855,34.97861240452962,34.694152795314956,34.909950256347656,787700
2018-05-29,34.70397618084843,35.17480411125231,34.55684081555632,34.939388275146484,1600800
2018-05-30,35.20422211024834,35.82218527293424,34.92957347874658,35.596580505371094,1170200
2018-05-31,35.47887254932424,35.47887254932424,35.0472812861461,35.321929931640625,1261200
2018-06-01,35.5573461145106,35.861424076609424,35.27288644756079,35.33174133300781,1186200
2018-06-04,35.5475345585568,35.90065260330829,35.390591958065,35.537723541259766,995700
2018-06-05,35.54753637227009,36.24396896362305,35.51810706068419,36.24396896362305,1315000
2018-06-06,36.28321443700394,36.42053878534591,36.13607906846162,36.391109466552734,1409900
2018-06-07,36.499001975622754,36.724606758020585,36.29301548845176,36.43033981323242,1084000
2018-06-08,36.38130256912166,36.587289093791576,36.09684284925869,36.40092086791992,672600
2018-06-11,36.371489177832075,36.41072202702701,35.99874904692565,36.116455078125,598400
2018-06-12,36.10665611643208,36.243980474757535,35.920284137154844,36.13608169555664,661200
2018-06-13,36.11645237499795,36.1654962391764,35.792759877974596,36.03798294067383,1165800
2018-06-14,36.13607308430885,36.13607308430885,34.998238147005615,35.23365020751953,1404600
2018-06-15,35.05708971211412,35.05708971211412,34.62549473904444,34.919761657714844,1772800
2018-06-18,34.72359132852203,35.1944192162075,34.5862632538656,35.06690216064453,772800
2018-06-19,34.68435075838177,34.831482351644674,34.341036223820964,34.733394622802734,1147500
2018-06-20,34.880536926675674,34.96881739699383,33.98792494537333,34.713783264160156,2004200
2018-06-21,34.64512189669105,34.733402369059945,33.88002696403253,34.07620620727539,1376200
2018-06-22,34.46856093679669,34.70397677694617,33.42881730914008,33.52690505981445,2652600
2018-06-25,33.34052590813947,33.51708305311822,32.89912369117605,33.213008880615234,1208600
2018-06-26,33.21301581813629,33.34053287229624,32.5361976968167,33.193397521972656,1172500
2018-06-27,33.19339391663998,33.37976209724087,32.751991655419964,32.761802673339844,1461500
2018-06-28,32.742186849735525,32.89912947203222,32.20269681945359,32.61466979980469,1568500
2018-06-29,32.79122824348552,33.34052925098231,32.751991655419964,32.761802673339844,1467200
2018-07-02,32.43811183365419,32.95798361572811,32.28116919707673,32.91875076293945,1503500
2018-07-03,33.056062897202224,33.4189919086974,32.840265448407465,33.00701904296875,784300
2018-07-05,33.07568841254753,33.15415784810126,32.6637117150175,33.1051139831543,1000400
2018-07-06,33.11492433731811,33.48766448081243,32.88931954414738,33.193397521972656,755500
2018-07-09,33.29147992634089,33.634794441480565,33.24243606469431,33.585750579833984,856800
2018-07-10,33.585753972121864,33.69364898191944,33.281676012309156,33.683841705322266,2231700
2018-07-11,33.35034764705482,33.42882084935113,32.93837456042386,32.96780014038086,1295400
2018-07-12,33.163977015561194,33.35034524487877,32.663719741475546,32.89913558959961,1522500
2018-07-13,32.97759836151427,33.12473370450078,32.859892332209384,33.03645324707031,991700
2018-07-16,33.01683651708913,33.27186688297427,32.53619761678083,32.64409637451172,751500
2018-07-17,32.53620597862785,32.948182819314596,32.51659141927889,32.555824279785156,836200
2018-07-18,32.595037651967715,32.653892513494405,32.22229767924334,32.54599380493164,977000
2018-07-19,32.47734302257506,32.840272107663964,32.153646783744726,32.761802673339844,997100
2018-07-20,32.64409294325151,32.9775964585432,32.51657964461571,32.65390396118164,932500
2018-07-23,32.4381132816984,32.565630348924856,32.09480241817461,32.19289016723633,1150700
2018-07-24,32.418492055160726,32.72257003667712,32.25174214845677,32.4381103515625,941400
2018-07-25,31.986911479873164,33.14436516283629,31.986911479873164,33.08551025390625,1757500
2018-07-26,33.1149140255599,33.458228488806675,32.59504243543387,33.00701904296875,1700600
2018-07-27,33.0855016256916,33.33072473623643,32.928558984615215,33.05607604980469,956700
2018-07-30,33.21301573643552,33.46804610232066,32.63428909735772,32.64409637451172,1772500
2018-07-31,32.830457368890876,33.47784595758727,32.65389650453675,33.41899108886719,1898800
2018-08-01,33.22281672833671,33.58574952509875,32.850080398082746,33.448421478271484,2542700
2018-08-02,33.30129396982595,34.909956725575746,32.45772600234566,34.43912887573242,2516600
2018-08-03,33.301283893734386,34.57644273562312,33.301283893734386,34.25274658203125,2021200
2018-08-06,34.576452189275095,34.91976298379331,34.36065469454534,34.40970230102539,2388100
2018-08-07,34.6156811370454,34.71376884474064,33.87020108805929,34.08599853515625,2035800
2018-08-08,34.056590586297396,34.21353324486894,33.73289424822652,34.15467834472656,855100
2018-08-09,34.184099851316155,34.25276202239802,33.94868776240911,34.03696823120117,1953700
2018-08-10,33.74269655093752,34.10562565352394,33.44842586806549,33.79174041748047,1442400
2018-08-13,33.732890487857645,33.732890487857645,32.88932238889419,33.05607604980469,1618100
2018-08-14,33.05607550790497,33.575947296359104,32.908940147267025,33.36996078491211,987500
2018-08-15,33.14434942830177,33.360143174984614,32.86969705882202,33.291481018066406,1541800
2018-08-16,33.369943157276964,33.615166134263,32.17325383220727,32.54599380493164,3757200
2018-08-17,32.65391373164118,33.56614409813076,32.52639665304369,33.4876708984375,1377400
2018-08-20,33.35034965636978,33.781941069577634,33.330731354613725,33.468055725097656,1146400
2018-08-21,33.54651734295856,33.93887201710931,33.54651734295856,33.79174041748047,1386600
2018-08-22,33.82116012105554,33.82116012105554,33.46803835632166,33.51708221435547,630400
2018-08-23,33.448433366647805,33.58576146228477,33.29149071344214,33.350345611572266,866800
2018-08-24,33.556331959092965,33.556331959092965,32.957986927698414,33.12474060058594,753100
2018-08-27,33.183587779665004,33.63479733248719,33.183587779665004,33.34053039550781,625500
2018-08-28,33.468055725097656,33.585765535633996,33.21302528588585,33.468055725097656,1201400
2018-08-29,33.52690709877612,34.18410330023953,33.27187294462013,34.02716064453125,1464900
2018-08-30,33.97810860706654,34.086007358545324,33.477855181437,33.79174041748047,1080100
2018-08-31,33.546506980853046,33.94867254917267,33.52688869193429,33.929054260253906,1450300
2018-09-04,34.086013590701846,34.12525018783294,33.2620637599881,33.31110763549805,1304000
2018-09-05,33.056072677739536,33.5661371446578,32.99721779016181,33.50728225708008,1256800
2018-09-06,33.59555847738567,33.870207101136465,33.50727802806479,33.60536575317383,710700
2018-09-07,33.497470531545794,33.53670337624677,32.92855125260304,33.2718620300293,1045500
2018-09-10,33.47786106806159,33.94868900491546,33.27187080546917,33.74270248413086,1144300
2018-09-11,33.762316852370205,34.09582044017352,33.75250957411473,33.95849609375,853300
2018-09-12,33.95849513032549,34.753019351558976,33.91926227660883,34.478370666503906,1040400
2018-09-13,34.645108881430424,34.7039637548354,33.742689940059435,33.82115936279297,1126000
2018-09-14,33.791747983396064,34.154677167241715,33.75251138465383,33.8996467590332,798900
2018-09-17,33.94868391559734,34.282187455265266,33.79174129350699,34.14486312866211,1229100
2018-09-18,34.154674182792135,34.36066069547767,33.575947498241575,33.59556579589844,1119400
2018-09-19,33.624984676079094,33.840782165527344,33.52689694913367,33.840782165527344,1288900
2018-09-20,34.02714850509292,34.29198984370554,33.8996352153143,34.007530212402344,1195200
2018-09-21,34.13504453733996,34.242943267679195,33.634791209720206,33.82115936279297,2295700
2018-09-24,33.72308242369804,33.87021404151046,33.36996055405603,33.69365310668945,1395400
2018-09-25,33.713267909069906,33.78193007195909,32.87951093581144,33.046260833740234,1653300
2018-09-26,32.9874162542547,33.026649110993915,32.487158977297774,32.575439453125,1105600
2018-09-27,32.56562858683322,32.56562858683322,32.22231400007804,32.25174331665039,910300
2018-09-28,32.24193782182912,32.82066458948215,32.08499515984566,32.74219512939453,1311700
2018-10-01,32.92855183004578,33.07568716112685,32.53619344170085,32.85008239746094,1462600
2018-10-02,32.87950893725679,33.19339416047299,32.801035760549226,32.98740768432617,1386400
2018-10-03,33.1247371465199,33.35034195188337,32.801040855036916,33.02664566040039,958100
2018-10-04,32.63429015564517,32.66371572986878,31.80052938183707,32.016326904296875,1481200
2018-10-05,32.05556136174896,32.16346011578893,31.73186509962904,31.790719985961914,1284200
2018-10-08,31.623978971911043,32.03595206656007,31.339519220762924,31.937864303588867,1067500
2018-10-09,31.849574872294788,32.02613578948615,31.712250545992006,31.790719985961914,1101000
2018-10-10,31.761298505792496,31.771105783874575,31.055054746035324,31.084482192993164,1753400
2018-10-11,30.7019262864547,31.368933307322415,30.53517453123777,30.839252471923828,2068500
2018-10-12,31.192374725934812,31.251229611616157,30.4272799211134,30.741165161132812,1706300
2018-10-15,30.711736838926456,31.339509171893948,30.70192769159376,31.153139114379883,1486900
2018-10-16,31.280646727290762,32.16345106482171,31.172749874517173,32.1340217590332,1182800
2018-10-17,32.01631534533964,32.055551924677076,31.692622920321202,31.95746421813965,868900
2018-10-18,31.80052768884921,32.15364952796312,31.506260736856724,31.6926326751709,1090200
2018-10-19,31.761293002094618,31.8888063041044,31.398360165216374,31.47683334350586,1211000
2018-10-22,31.69263148254784,31.7907192155851,31.2218017578125,31.2218017578125,849700
2018-10-23,30.721550931701636,31.133525831475193,30.466518672708116,30.858875274658203,1077800
2018-10-24,30.819635168188583,31.055049088250644,29.681800285770198,29.72103500366211,1070000
2018-10-25,30.03492297695728,30.66269344875821,29.976068092048255,30.45670509338379,1331300
2018-10-26,30.11339501212116,30.760783794503638,29.7308457346016,30.368425369262695,1453600
2018-10-29,30.603841780848114,30.996198342981312,29.848554229426917,30.22129249572754,1186400
2018-10-30,30.27033998715633,30.85887392896475,30.142822927768403,30.819639205932617,2180500
2018-10-31,31.0844788041044,31.28065614972409,30.564605189950075,30.60384178161621,1760300
2018-11-01,30.986387301616823,32.93836458689671,30.750973378722062,32.791229248046875,2766100
2018-11-02,33.12472726155548,34.14485596192958,33.12472726155548,33.72307205200195,2782100
2018-11-05,33.801555682034774,34.566654399779786,33.33072771670371,34.242958068847656,1412800
2018-11-06,34.0860082422005,34.41951178186842,33.99772778341172,34.14486312866211,1146100
2018-11-07,34.4979911162136,34.91977523564018,34.04678141602043,34.870731353759766,1616900
2018-11-08,34.94920124256451,35.13556947275257,34.52741716315282,34.66474151611328,1128400
2018-11-09,34.34103960719048,34.34103960719048,33.69365080435302,34.17428970336914,1812800
2018-11-12,34.10562425975977,34.10562425975977,32.90893450761861,32.98740768432617,1282100
2018-11-13,32.97759836151427,33.71326759283239,32.8893179040838,33.03645324707031,1374500
2018-11-14,33.389573638376575,33.546516251291095,32.88931648721918,33.1051139831543,1389500
2018-11-15,32.86970099749719,33.791742201124656,32.53619744887165,33.6249885559082,1464000
2018-11-16,33.34052602876193,33.90944153350124,33.291478427516736,33.762306213378906,1075800
2018-11-19,33.63480533982254,33.93887962564152,33.301301734034496,33.350345611572266,769700
2018-11-20,33.12473960299311,33.50728707270926,32.63429336144771,33.095314025878906,1458600
2018-11-21,33.232632263596244,33.791740576797636,33.19339567345403,33.360145568847656,818500
2018-11-23,32.987413878196755,33.44843078159179,32.899133408728304,33.05607604980469,293700
2018-11-26,33.31109469443591,34.17428078694068,33.31109469443591,33.91925048828125,1740100
2018-11-27,33.713276014719575,34.17429671222446,33.634806556182994,34.04677963256836,1334700
2018-11-28,34.03697235342934,34.115441811965916,32.95798829953827,34.04677963256836,1247400
2018-11-29,34.0271462137127,34.16447425329906,33.52689288011363,33.72307205200195,753400
2018-11-30,33.65442287589898,34.439136124129604,33.63480457696723,34.429325103759766,1615900
2018-12-03,34.97860926495328,35.312112701248424,34.55682539723277,35.145362854003906,1910400
2018-12-04,34.92957353585248,34.95899910590235,32.801035412813086,32.86969757080078,1588800
2018-12-06,32.36944143721429,32.36944143721429,31.31988712026127,32.02613067626953,1568300
2018-12-07,32.143845092213354,32.31059500775214,30.692124757832932,30.731359481811523,1636900
2018-12-10,30.24090735360071,30.66269131153196,30.01530258988512,30.123199462890625,1909100
2018-12-11,30.7019334894899,31.06486452572292,30.04473546131954,30.113399505615234,1843200
2018-12-12,30.61365225557999,31.064863752341772,30.52537365691967,30.750978469848633,2035300
2018-12-13,30.976574986341088,31.123708439240108,29.976064513182397,30.025110244750977,1793300
2018-12-14,29.66218289381183,30.0741577341802,29.56409328974249,29.69161033630371,1412300
2018-12-17,29.603331881786364,29.603331881786364,28.700910830944704,28.81861686706543,1722400
2018-12-18,28.985365964073342,29.279634768975207,28.50472897406085,28.632246017456055,1995200
2018-12-19,28.563588717766677,29.250212304228423,27.84753581363265,28.004478454589844,1700300
2018-12-20,28.426252099664584,28.946125576875065,27.64153918208572,28.092748641967773,2134100
2018-12-21,28.092752443346303,28.681288146619906,27.670968491485162,27.710205078125,2689200
2018-12-24,27.582696151948657,28.98537076531524,27.36689861842776,27.396326065063477,1305000
2018-12-26,27.44536466252879,29.22078097926828,27.435555515535903,29.21097183227539,1766700
2018-12-27,28.62243057506796,29.59351348876953,28.52434099500754,29.59351348876953,1593700
2018-12-28,29.71123154768996,30.005498517879023,29.377727983660343,29.44639015197754,1238900
2018-12-31,29.456208234834403,29.68211401882025,29.31870069212993,29.564250946044922,1432500
2019-01-02,29.11244180186646,29.770516654430917,28.866891511706587,29.38745880126953,1560700
2019-01-03,29.456207272137373,29.59371481034778,28.896353011252486,29.024038314819336,1649800
2019-01-04,29.593715808194126,30.69378177116871,29.46603050032196,30.615205764770508,1326500
2019-01-07,30.507164611725017,31.07684115556045,30.232149511983685,30.73307228088379,1512000
2019-01-08,31.067019383273045,31.20452880859375,30.733072739093913,31.20452880859375,1286600
2019-01-09,31.27327926477585,31.57776291656396,31.03755125504936,31.243812561035156,1240100
2019-01-10,31.027731612113072,31.852780651769248,30.811648053498303,31.84295654296875,1223600
2019-01-11,31.72509765625,31.892073806720887,31.479547358992956,31.72509765625,1772500
2019-01-14,31.42060887380963,31.833133357042566,31.351855105504086,31.518829345703125,1870200
2019-01-15,31.617052312143684,31.734919142778992,31.194707409433484,31.342037200927734,1496200
2019-01-16,31.391145207557,31.54829722843239,31.116130107725,31.351858139038086,1065700
2019-01-17,31.342033478195752,32.078684221569326,31.2929241779974,31.9608211517334,1264400
2019-01-18,32.17689447686052,32.943013599099,32.11796483062572,32.903724670410156,1955300
2019-01-22,32.943025325054926,33.070708768544435,32.51085444924492,32.815338134765625,1738100
2019-01-23,33.05107244944991,33.090357650560115,32.23584364090833,32.638545989990234,995400
2019-01-24,32.569799707791205,33.208232144614236,32.51086627234871,33.041255950927734,1511000
2019-01-25,33.32606928549764,34.25916067843129,33.29660446414969,34.131473541259766,1970600
2019-01-28,33.59128186781794,34.5145496491263,33.49305949950839,34.39668655395508,1828600
2019-01-29,34.514557727449066,34.60295600621765,34.18060909063455,34.278831481933594,1723700
2019-01-30,34.44580170185511,34.701176155935165,33.80736931345585,34.5538444519043,984900
2019-01-31,34.49489406777076,34.73062392900612,34.26898831360301,34.71097946166992,1774700
2019-02-01,34.67170210642017,34.75028000200789,33.59128226969104,33.876121520996094,3381100
2019-02-04,33.78771733987266,34.22970481128524,33.5814522735072,34.15113067626953,1391000
2019-02-05,34.2198810303817,34.37703303151092,33.78771396397615,34.0037956237793,1047500
2019-02-06,33.98415960530341,34.32793226917567,33.94487440535245,34.14131164550781,799100
2019-02-07,33.95468981837708,34.06273253279106,33.45376893412999,33.68949508666992,741800
2019-02-08,33.46359561765171,33.7091459252346,32.893920852395595,33.69932556152344,1120000
2019-02-11,33.77789496840923,34.05291007530741,33.54216880443931,33.993980407714844,757300
2019-02-12,34.26899682542967,35.04493661734394,34.21988751829078,34.7895622253418,861600
2019-02-13,34.85831160368747,35.133326656822966,34.74044479794446,34.96635055541992,801400
2019-02-14,34.750275765445735,35.12350948358394,34.54401068807482,34.79938507080078,1568800
2019-02-15,34.99583641504053,35.20209780676667,34.87796955108193,35.12351989746094,1252800
2019-02-19,34.85832273388583,35.319954756647384,34.74045589050816,35.05475997924805,2142200
2019-02-20,35.10386404982741,36.07624090453594,35.08421958096066,35.958377838134766,3342600
2019-02-21,35.89945081674297,36.30215313313916,35.08422582117019,35.53603744506836,2793300
2019-02-22,35.84052403102537,36.26286710697393,35.349423422880214,35.8306999206543,2335400
2019-02-25,35.97803774805826,36.08608049979552,35.77177260983216,35.89945983886719,1975500
2019-02-26,35.85033981619323,35.92891770192551,35.221731717534254,35.26102066040039,1700200
2019-02-27,35.02529305684916,35.40835090802355,34.75027793227269,35.329776763916016,1423100
2019-02-28,35.290488808985124,35.349422228819954,34.95654025685479,35.00564956665039,1292100
2019-03-01,35.44763989978325,35.7619439702241,34.9565393213694,35.30030822753906,1675800
2019-03-04,35.39852554162524,35.506568252951766,34.93688986479354,35.28065872192383,1322300
2019-03-05,35.32977881879304,35.35924365619711,35.05475993142065,35.084228515625,1042800
2019-03-06,35.14315245531066,35.24137480862883,34.85831699768716,34.86813735961914,808300
2019-03-07,34.82885385107972,34.88778727226336,34.19042531552471,34.36722183227539,1600100
2019-03-08,34.180598018294376,34.64223374085648,34.04309046182053,34.563655853271484,775400
2019-03-11,34.57348786952195,35.31013887350267,34.56366375792712,35.25120544433594,1295000
2019-03-12,35.31994684089184,35.74229356800657,35.31012647954474,35.575321197509766,1631500
2019-03-13,35.72265042599751,36.14499716880701,35.58514288123155,35.96820068359375,1225700
2019-03-14,35.968212466458155,36.390559347624716,35.879814194893044,36.2530517578125,1493000
2019-03-15,36.33161813964624,36.979870676557056,36.262860619749986,36.68520736694336,2593300
2019-03-18,36.655734770804536,36.87182015293988,36.439649388669196,36.74413299560547,1985800
2019-03-19,36.93075114102022,37.27452369292696,36.596802696001674,36.73431396484375,1260000
2019-03-20,36.616465428160176,36.90130472121935,36.272696451572095,36.56735610961914,866800
2019-03-21,36.4887758203345,37.225426715118104,36.4887758203345,36.90129852294922,1035700
2019-03-22,36.65574064518435,36.81289265370435,36.01730850299718,36.03695297241211,1107100
2019-03-25,36.07624629724887,36.49859307401851,35.80123118560349,36.26286315917969,1520500
2019-03-26,36.47894287109375,36.73431721761453,36.09588509811188,36.47894287109375,844500
2019-03-27,36.469125103329716,36.65574194921128,36.09588766476703,36.45930099487305,1132000
2019-03-28,36.53787809220029,36.763783873467496,36.233394432162136,36.72449493408203,1302200
2019-03-29,36.8423582924391,37.16648642469493,36.744139690009796,37.068267822265625,1307700
2019-04-01,37.3825692068241,37.99153274184919,37.27452650370045,37.95224380493164,1488000
2019-04-02,37.95225375361281,38.1094057956791,37.637949669480214,38.0210075378418,858400
2019-04-03,38.22726367296381,38.59068076491521,38.01118198636536,38.0602912902832,864600
2019-04-04,38.07995581306506,38.51256950944829,38.070125303209934,38.45357894897461,935200
2019-04-05,38.512557854893714,39.072994264496174,38.42407204096051,38.84685134887695,1384100
2019-04-08,38.68954812400715,39.30897525458381,38.60105853392478,39.29914474487305,1985600
2019-04-09,39.014015761366466,39.063175817004925,38.32576373041257,38.33559799194336,2284900
2019-04-10,38.41424166953316,38.75836570520948,38.05045286743666,38.6600456237793,1724000
2019-04-11,38.72888537850074,39.0926743210032,38.532241389074066,39.02384948730469,814200
2019-04-12,39.230323385543294,39.7907562552792,39.19099384188807,39.71209716796875,977700
2019-04-15,39.28931788916532,39.75143069676236,38.88619940296538,39.56462097167969,1158300
2019-04-16,39.377796154440986,39.61376962139286,39.30897134130315,39.47611999511719,1511500
2019-04-17,39.741588845648046,39.77108787604964,39.38763423687135,39.41712951660156,1412800
2019-04-18,39.387634259458096,39.702263078998726,39.210655079632566,39.338470458984375,1241800
2019-04-22,39.210655229580695,39.42696019967245,39.004177018547054,39.15166091918945,918900
2019-04-23,39.14183368096544,39.849746711471276,39.08283936564341,39.830081939697266,1058900
2019-04-24,39.79074474861249,40.046379207103755,39.70225517631347,39.800575256347656,1247000
2019-04-25,39.8202363326549,39.8202363326549,39.11231981985988,39.48594284057617,1130200
2019-04-26,39.59410840582142,39.928401992772834,39.299144358669324,39.879241943359375,776200
2019-04-29,39.967735334723805,40.05622493235463,39.672767508839904,39.84974670410156,553600
2019-04-30,39.91856384277344,40.0955430039539,39.5449445031,39.91856384277344,1118300
2019-05-01,40.14469922195076,40.31184409225545,39.70225140251146,39.731746673583984,1045800
2019-05-02,39.820248153974426,40.1250464653947,38.52240332900971,39.08283615112305,1718100
2019-05-03,39.29914945442532,39.39746956600099,37.57852124714816,38.129119873046875,1923500
2019-05-06,37.46052894558596,38.17827994238352,37.41136889461021,38.070125579833984,1392200
2019-05-07,37.6276858311003,37.76533550413992,36.939433715229924,37.33272171020508,1527500
2019-05-08,37.25405126040023,37.509689504448076,36.929591951473235,37.16556167602539,2104200
2019-05-09,36.939426441738036,37.13607040050579,36.61496709784207,36.88043212890625,1574600
2019-05-10,36.66412723315337,36.97875606762788,36.18234972061155,36.821441650390625,925700
2019-05-13,36.04469370113403,36.123352771180365,34.58953466131497,34.805843353271484,2321800
2019-05-14,34.88450607420488,35.4449389398457,34.88450607420488,35.120479583740234,1161900
2019-05-15,34.76651361798968,35.1892967403762,34.48138011672047,35.07130813598633,2268100
2019-05-16,35.14997096354673,35.50392931321712,35.041816606628416,35.19913101196289,2191600
2019-05-17,34.86484176069937,35.04182095750875,34.38306797546298,34.50105285644531,2141500
2019-05-20,34.33389676431708,34.52071018213713,34.00943747393484,34.14708709716797,1723200
2019-05-21,34.5305479573318,34.95333117518831,34.44205835939272,34.72719192504883,1133600
2019-05-22,34.530536794751384,34.71735019149425,34.2355728138638,34.2552375793457,780600
2019-05-23,33.86196104833483,34.32407381438403,33.70464662275855,34.265079498291016,2023600
2019-05-24,34.45188894737044,34.71735771288326,34.343734589123954,34.550209045410156,1194500
2019-05-28,34.70751962697963,34.92382831962959,34.46171565830319,34.5108757019043,1079300
2019-05-29,34.284736448719876,34.73701860090735,34.15692108568535,34.638694763183594,1211600
2019-05-30,34.59936893780627,35.248291333676306,34.56987365866214,34.77634811401367,1150000
2019-05-31,34.32407388100321,34.392898707909424,34.068439345447516,34.17658996582031,971900
2019-06-03,34.304401158403365,34.88449867264692,34.1470867689816,34.805843353271484,1737700
2019-06-04,35.16964596885946,36.52648545393492,35.16964596885946,36.50682067871094,3078300
2019-06-05,36.74277878263538,36.85093313659909,36.143016456597515,36.723114013671875,1873000
2019-06-06,36.67395426683904,36.83126866916382,36.14301675249121,36.270835876464844,1139600
2019-06-07,36.37898619253422,36.821434072037036,36.30032712476892,36.6739501953125,1069600
2019-06-10,36.88042851607328,37.01808189919617,36.51663966592647,36.565799713134766,1485000
2019-06-11,36.860767518344296,36.87059802752298,36.43798436090834,36.61496353149414,1395100
2019-06-12,36.45764526282293,36.742775006814895,36.26100134406687,36.6542854309082,1194600
2019-06-13,36.88043186013564,37.41136941973783,36.850936579270474,37.31304931640625,1369600
2019-06-14,37.24422840534474,37.27372368930752,36.79194613077463,37.145904541015625,1137600
2019-06-17,37.332706667462695,37.332706667462695,36.821433980274776,36.8902587890625,911400
2019-06-18,37.04758016941274,37.94230660327964,37.04758016941274,37.7751579284668,1224200
2019-06-19,37.91281116021684,38.2176057266204,37.716167205673955,38.08979034423828,1168900
2019-06-20,38.53223413921185,38.935352553887114,38.365089217584476,38.60105895996094,1282200
2019-06-21,38.581406123950934,38.581406123950934,37.96197885514898,38.011138916015625,1454500
2019-06-24,38.07994097534412,38.20776005768522,37.4310188082839,37.558837890625,887100
2019-06-25,37.65717338035565,37.75549723423242,37.28355023696694,37.36220932006836,998200
2019-06-26,37.499855292700126,37.56868010833853,37.008247323470876,37.096736907958984,1306000
2019-06-27,37.16555780677166,37.47035606581315,36.90992334000871,37.35237121582031,1889600
2019-06-28,37.46064243858285,37.755917366220125,37.30316222686802,37.588592529296875,2099300
2019-07-01,38.149612571592556,38.464576721191406,37.854337670631715,38.464576721191406,2072300
2019-07-02,38.356321776082545,38.6220704061383,38.05120214424993,38.23820877075195,1001000
2019-07-03,38.33663294406699,38.33663294406699,38.01182783956874,38.2775764465332,394200
2019-07-05,37.99212817886692,38.09055563806784,37.63780058961458,37.97244644165039,680600
2019-07-08,37.81496993737372,38.12008948891549,37.55906600241485,37.72639083862305,745200
2019-07-09,37.45080326876872,37.66733999940331,37.30316766075647,37.568912506103516,749900
2019-07-10,37.64765109785506,37.72639308537758,36.91930273177022,36.97835922241211,799200
2019-07-11,37.0669499876557,37.0669499876557,36.44686984483536,36.840572357177734,1050200
2019-07-12,36.99804164186148,37.7263899473636,36.99804164186148,37.57875061035156,843900
2019-07-15,37.61813680114403,37.755931568900834,37.21459337215946,37.33270263671875,467200
2019-07-16,37.381896323421515,37.75591319288662,37.24410162273016,37.480323791503906,1020100
2019-07-17,37.42127189086931,37.58859297515282,37.20473518920881,37.31300354003906,1166200
2019-07-18,37.3130029306306,37.53938049929455,37.12599635337545,37.342529296875,863900
2019-07-19,37.50001791439436,37.66734278807932,37.22442842200178,37.24411392211914,508800
2019-07-22,37.3031618311203,37.44095654558087,36.69292273190295,36.7815055847168,662900
2019-07-23,36.958677296103716,37.17521402808561,36.70277332118192,37.11615753173828,1252300
2019-07-24,36.998047885578245,37.74607805793537,36.95867688844763,37.70671081542969,780200
2019-07-25,37.79528643865989,37.89371015799982,36.94882893568938,37.0472526550293,756800
2019-07-26,37.04725459030124,37.37205963941373,36.78150602865224,37.204734802246094,913400
2019-07-29,37.22442068523472,37.381900898817506,37.027569479600125,37.31300354003906,715600
2019-07-30,37.03741071235158,37.519692179624364,36.68307932559045,37.421268463134766,1605400
2019-07-31,37.401598747653786,37.647661897309405,36.74215130879707,36.83073043823242,1876200
2019-08-01,36.08269363639154,36.08269363639154,33.897652058310335,34.950801849365234,3803600
2019-08-02,34.62599543153647,34.62599543153647,32.706702739003426,32.98229217529297,3916200
2019-08-05,32.362223858816535,32.568915986586596,31.89962397365225,32.145687103271484,2205700
2019-08-06,32.342532761510476,32.933082668560836,31.801194720943524,32.549224853515625,1750000
2019-08-07,32.06695225281773,32.45081017496689,31.633878695828283,32.35238265991211,1318700
2019-08-08,32.50000778755734,33.198825941846444,32.401580315712586,33.12992858886719,1641500
2019-08-09,33.22835355308117,34.20276491047914,33.04134698149437,33.76969528198242,2068700
2019-08-12,33.50394826883672,33.54331926086049,32.66733158414173,32.736228942871094,1759200
2019-08-13,32.65749071488072,33.84843506396851,32.50985137209735,33.12009048461914,1668000
2019-08-14,32.48032135264152,32.59843056081094,31.643708516620062,31.899612426757812,1024200
2019-08-15,32.06693880471363,32.10630603960008,31.60433906452387,31.94882583618164,1372200
2019-08-16,32.38191060095598,32.775609370662195,32.21458571399606,32.64765548706055,1281800
2019-08-19,33.1299320186973,33.366154220955856,32.89370981643875,33.021663665771484,1078000
2019-08-20,32.88386939863621,32.88386939863621,32.500011599973554,32.74607467651367,755600
2019-08-21,33.100400372385856,33.31693328907923,32.81496635194467,32.90354919433594,1137800
2019-08-22,32.913403045787575,33.28742005614465,32.716555544718446,32.95277404785156,1051800
2019-08-23,32.86418748701425,33.44489656118173,32.42127315000092,32.883872985839844,2166900
2019-08-26,33.218516513469986,33.336625743111846,32.44095626285957,32.68701934814453,1534600
2019-08-27,32.88387649212918,32.98230024212672,31.98820685050019,32.145687103271484,1098300
2019-08-28,32.037413901445866,32.52954008658213,31.702767945368212,32.450801849365234,886800
2019-08-29,32.785443076103654,33.22835357513606,32.677174730251544,33.001976013183594,1104000
2019-08-30,33.267726236492905,33.60237216110753,33.24804074038329,33.366153717041016,1189300
2019-09-03,32.942930909911446,32.942930909911446,32.22442706745317,32.37206268310547,864600
2019-09-04,32.76575961004019,33.29725674734179,32.52953740858686,33.09056091308594,1055900
2019-09-05,33.50396228726579,34.31104918832484,33.33663737846641,33.809078216552734,961600
2019-09-06,33.87796932290815,34.015767827099005,33.6220653243758,33.681121826171875,696400
2019-09-09,33.95671555544657,35.03939194087136,33.84844716597893,34.911441802978516,1343700
2019-09-10,35.85631115024802,37.667335510253906,35.836625653934156,37.667335510253906,2330800
2019-09-11,37.667333570815074,37.99213485670899,36.54528662106904,37.50985336303711,2696900
2019-09-12,37.40159164060675,37.559071876276946,36.72245882827126,37.43111801147461,1510000
2019-09-13,37.559065223975665,38.198830680049824,37.38189952089741,37.50985336303711,1522500
2019-09-16,37.61812102414534,38.38583655374038,37.48032631417948,38.30709457397461,1238700
2019-09-17,37.824821843008785,37.99214295679832,37.41143386281532,37.61812973022461,748100
2019-09-18,37.48033144768154,37.83465914128535,37.0571026350335,37.795291900634766,1000000
2019-09-19,37.7952932914394,37.87403153026276,37.175213234221474,37.28348159790039,674800
2019-09-20,37.34253755413686,37.49017692725396,36.673245570689744,36.998050689697266,1374700
2019-09-23,36.90946743442288,37.71655415528558,36.761828062835114,37.51970291137695,951800
2019-09-24,37.44095077600634,37.61811645433317,36.69291707759889,36.93898010253906,940100
2019-09-25,36.84056476440854,37.40158828836403,36.67323991702947,37.15552520751953,1192000
2019-09-26,37.11615549418153,37.1260001203448,36.6338739416748,37.02757263183594,1597300
2019-09-27,37.40159045705567,37.75592191475723,36.88977876866729,37.17521286010742,2266300
2019-09-30,37.0766802978219,37.44123867461267,36.75153089467512,37.244178771972656,1237100
2019-10-01,37.47080711230519,37.618603021407864,35.96330537732471,36.012569427490234,1254700
2019-10-02,35.64800270101321,36.06182513701914,35.332708342550056,35.864768981933594,1296400
2019-10-03,35.60859136665766,36.07168161824858,35.03712172895039,36.05197525024414,1014100
2019-10-04,36.04212711293101,36.613596800859106,36.00271437345853,36.55447769165039,664100
2019-10-07,36.39682508257918,37.06682651960382,36.239177906726624,36.78109359741211,1445900
2019-10-08,36.35741531155545,37.10623844080895,36.02241460037768,36.5249137878418,2584800
2019-10-09,36.87961499783331,37.096381234873995,36.515056674395815,36.73181915283203,904200
2019-10-10,36.85992228347293,37.82551188817776,36.57418554858724,37.283599853515625,672400
2019-10-11,37.904331619216045,38.96844915654736,37.904331619216045,38.249183654785156,1799200
2019-10-14,38.1407988177908,38.36741639661008,37.795946797545184,38.259037017822266,619500
2019-10-15,38.37727739186621,38.751690899301614,38.21963019272589,38.702423095703125,900500
2019-10-16,38.40682504050201,38.919179243602244,38.37726737294392,38.56447219848633,1502600
2019-10-17,38.791096415631245,38.93889229601538,38.54477245406126,38.72212600708008,1133800
2019-10-18,38.86992654533372,39.73698804637146,38.633453860103124,39.628604888916016,2185100
2019-10-21,39.8847667122348,40.39712089164924,39.70741319787578,39.943885803222656,997600
2019-10-22,39.835508308938465,40.47595206331699,39.372418093969216,40.259185791015625,1021400
2019-10-23,40.298603446949556,40.86022180415351,40.00301167275333,40.643455505371094,1022100
2019-10-24,40.49565304720938,40.71241931081803,40.062124278597025,40.59418487548828,781600
2019-10-25,40.59418906392643,40.92918979742962,40.3478651057213,40.830657958984375,1148000
2019-10-28,41.08682927709754,41.57947710114283,41.08682927709754,41.46124267578125,1947800
2019-10-29,41.16566017462456,41.993308854336846,41.08683845963577,41.2346305847168,2368300
2019-10-30,41.3233077523337,41.668163564647706,40.90948528788347,41.36272048950195,1744900
2019-10-31,41.79624093581124,42.30859514037444,40.830651620574535,41.43168258666992,2310100
2019-11-01,41.38242338462454,42.53521766049431,41.16565710699904,42.4465446472168,3103300
2019-11-04,42.811103220991754,43.27418969069965,42.67316241049981,43.096839904785156,2536200
2019-11-05,43.35302490234375,43.4417016945337,42.84067052064697,43.1067008972168,1479400
2019-11-06,43.126399915760125,43.2249279975698,42.505662476264064,42.69287109375,1714900
2019-11-07,43.0968368892805,43.382569794475856,42.3184523604197,42.50565719604492,1607900
2019-11-08,42.377573545865424,42.4465477144073,42.04257280105755,42.29875183105469,769400
2019-11-11,41.94404504149409,42.4169866098236,41.87507463102555,42.21007537841797,611900
2019-11-12,42.141107384014404,42.27904821286002,41.82581298705137,42.02287292480469,935700
2019-11-13,41.71742135698627,41.76668539176345,41.37256935494112,41.54991912841797,961300
2019-11-14,41.45140909007889,41.6386140071076,41.20508505043801,41.38243865966797,850900
2019-11-15,41.717423866287554,42.08198225589273,41.62874709491277,41.79624557495117,1125500
2019-11-18,41.599202247723454,41.62875992775838,40.77155337928886,41.44155502319336,773700
2019-11-19,41.55979226889793,41.648469073512906,41.10655693802428,41.38243865966797,778200
2019-11-20,41.05727471584722,41.80610163840513,41.05727471584722,41.63859939575195,2443700
2019-11-21,41.786395500041564,41.82580823483533,40.95874686239898,41.11639404296875,1124900
2019-11-22,41.333174251026925,41.44155742892182,41.08685021348637,41.25434875488281,732100
2019-11-25,41.303587305475325,41.796235076343706,41.0375608167781,41.530208587646484,1031900
2019-11-26,41.57948705378069,41.62875109625634,40.91933685706933,41.05727767944336,1021700
2019-11-27,41.13609499312593,41.540066075049566,41.05726953391899,41.45138931274414,678700
2019-11-29,41.43167717184522,41.43167717184522,40.840501344629615,41.027706146240234,376600
2019-12-02,41.037575394754334,41.26419299882375,40.673013208611515,40.75183868408203,1591600
2019-12-03,40.16066535129668,40.39713805712509,39.56948922463487,40.04243087768555,878100
2019-12-04,40.24933125635953,40.5941870357804,39.45124407715594,39.6483039855957,1380100
2019-12-05,39.96359764070449,40.2788919852832,39.7566826732081,39.825653076171875,1144000
2019-12-06,40.19021666511019,40.347863843083886,39.71727513118911,39.90447998046875,1477000
2019-12-09,39.86506900091667,40.16065700280149,39.776392224490685,39.894630432128906,1222300
2019-12-10,39.993152001198794,39.993152001198794,38.81079642757527,39.323150634765625,1941500
2019-12-11,39.45124680420891,39.72712843993171,39.323157291078154,39.58918762207031,766400
2019-12-12,40.131098854765895,40.98830517765826,39.865068528639576,40.93904113769531,2010700
2019-12-13,41.017867574800235,41.0868379840942,40.288746986914184,40.45624923706055,1614300
2019-12-16,40.751836049567686,40.929189599305296,40.052276913716724,40.07197952270508,1256800
2019-12-17,40.03256761892563,40.682862667545265,39.95374215431475,40.65330123901367,1295100
2019-12-18,40.68286636946832,40.751836777976266,40.09168660690762,40.111392974853516,688900
2019-12-19,40.05227350632172,40.25918471054446,39.8355072398379,40.20006561279297,1528200
2019-12-20,40.298596239973186,40.82080176607933,39.92418281592857,40.66315460205078,3975100
2019-12-23,40.77153773205882,40.88977216542901,40.21977077865648,40.66315460205078,1013500
2019-12-24,40.9784523324664,41.076980408688,40.416834029071865,40.42668533325195,632900
2019-12-26,40.594189406623165,40.67301111943945,40.31830401525277,40.633602142333984,1252800
2019-12-27,40.663160036211885,40.67301134089055,40.1015417043936,40.21977615356445,995200
2019-12-30,40.13110044742744,40.4956588679477,40.121249142486015,40.27889633178711,556700
2019-12-31,40.25916351284469,40.40713661203126,40.091456151250384,40.1605110168457,1034300
2020-01-02,40.51565081874595,40.63403004589452,39.9730752841732,40.53538131713867,1030700
2020-01-03,40.032267482542,40.397272301199514,39.97307598632408,40.30848693847656,1506800
2020-01-06,40.02239799367007,40.347945558877356,39.83496391150102,40.3183479309082,1631000
2020-01-07,40.51564806525336,40.66362491153823,39.756040863192226,40.13091278076172,1723300
2020-01-08,40.121049187896276,40.2394321806444,39.80536873365033,40.05199432373047,970000
2020-01-09,40.17037956643633,40.77214664205031,39.80537096316382,40.76227951049805,1257700
2020-01-10,40.643890410084026,40.95957080539594,40.308479519664225,40.51564407348633,912700
2020-01-13,40.54525265449328,40.72282341172417,39.95335263919601,40.48606491088867,759700
2020-01-14,40.44659677314182,40.515651637307634,39.94348222518981,40.05199432373047,1070800
2020-01-15,39.65739645399744,40.07172564752255,39.40090372763701,39.69685745239258,1752200
2020-01-16,39.992812839248636,40.39727871964759,39.992812839248636,40.37754821777344,712100
2020-01-17,40.53537945450967,40.84119652073275,40.45645746456529,40.70308303833008,881600
2020-01-21,40.505787400774004,40.851061714197826,40.12104832740603,40.66362762451172,1523500
2020-01-22,40.91025326018491,40.99903862134829,40.43673258838282,40.53538131713867,757200
2020-01-23,40.328219642993346,40.69322448161503,39.815237937337116,40.55511474609375,716600
2020-01-24,40.56497284298075,40.653758199022214,39.64752541828817,39.825096130371094,583600
2020-01-27,39.04576669364419,39.42063489512927,38.81886783062954,39.00630569458008,799600
2020-01-28,39.144420610561156,39.68699624829817,38.720224222481114,39.60807800292969,1058300
2020-01-29,39.627803802490234,39.89415993031084,39.52915505731597,39.627803802490234,1065600
2020-01-30,39.21346770606505,39.49955428558105,38.858326264349714,39.400901794433594,991400
2020-01-31,39.07537236797622,39.41078343494976,38.463741750510046,38.62158203125,1156700
2020-02-03,38.85833765801355,39.35158896875394,38.65117301067272,38.937259674072266,1429700
2020-02-04,39.558740806156344,39.75604201920405,38.868192205300815,38.878055572509766,789200
2020-02-05,39.46995706020459,40.03226685747521,39.25292910387663,39.81523513793945,1060300
2020-02-06,39.933614710914725,39.933614710914725,38.552513677646246,38.58210754394531,1335200
2020-02-07,38.31575741453992,38.70049278907345,37.832369531659076,38.365081787109375,1063800
2020-02-10,38.22696076987103,38.907645942373456,38.16776928231144,38.82872772216797,953800
2020-02-11,39.114823517092695,39.89415758995055,38.976710013459275,39.63766860961914,866700
2020-02-12,39.8448392634094,40.574852840500945,39.5784831108169,40.21971130371094,1549500
2020-02-13,39.943480967389426,40.33807964116721,39.84482847653918,40.24929428100586,1122500
2020-02-14,40.32821820924895,40.34794870836597,39.64752916093947,39.953346252441406,1089000
2020-02-18,39.71659011991029,40.10132926691034,39.29239749503875,39.60807800292969,1231500
2020-02-19,39.72645768718691,39.73632105676269,38.86820153216979,38.96685028076172,986200
2020-02-20,38.9076546946275,39.193741304042916,38.680759586086765,38.88792419433594,1218900
2020-02-21,38.60184131625468,39.548882750218745,38.53278644689531,39.479827880859375,1075300
2020-02-24,38.50318654563227,39.22333282879999,37.72385252833519,38.897789001464844,2300400
2020-02-25,39.04576452573257,39.04576452573257,37.42789752280366,37.447628021240234,1754700
2020-02-26,37.664656910420504,37.98033733526743,36.38220471407895,36.579505920410156,1915500
2020-02-27,37.812640152506965,39.54888278287471,37.141818195426474,38.88792419433594,4043900
2020-02-28,38.06913143103503,38.887926544983486,36.89519481678764,37.61534118652344,3661100
2020-03-02,37.22073425632301,38.51305372577067,36.5992367047191,38.30588912963867,3123400
2020-03-03,38.38481372123788,39.331855257463765,37.50682706182794,38.0395393371582,2239000
2020-03-04,38.611702575774,39.746181818782524,38.4538623454014,39.69685745239258,2349000
2020-03-05,38.84846507925904,39.233200408328315,38.38480775283814,38.59197235107422,2181200
2020-03-06,37.30951732032013,38.059261188484456,37.02343074527828,37.72385025024414,3797300
2020-03-09,34.81366583266795,34.93204505076185,32.7124149546618,32.7716064453125,2935200
2020-03-10,33.65946108962085,33.82716845576113,31.785108773328016,33.67919158935547,2691500
2020-03-11,32.6137659262765,32.81106336683892,31.360907610026374,32.10078430175781,2506300
2020-03-12,30.029133602450983,30.739414653537185,28.559245251283976,29.210336685180664,3349400
2020-03-13,30.660492031251597,32.012001037597656,29.466825127185793,32.012001037597656,2854300
2020-03-16,28.72695024586996,30.482923284911834,28.17450755615425,28.75654411315918,2383600
2020-03-17,29.249803676507415,30.769018685625497,28.608577319798357,29.45697021484375,2810900
2020-03-18,27.602335249922586,28.223832782961363,25.945011003957717,26.79340362548828,2774700
2020-03-19,26.675022867371336,28.746676174396846,26.053525369980644,26.61583137512207,1952800
2020-03-20,27.049895256093038,27.19787023634133,24.70202042643595,24.790803909301758,2708000
2020-03-23,24.74147967790889,25.570141829739654,23.449162083679187,23.478755950927734,2913100
2020-03-24,24.46526045149378,27.42476785521984,24.435666581683165,27.227468490600586,1803600
2020-03-25,27.237335863576934,30.946585657754202,26.961114473660103,29.999542236328125,2697600
2020-03-26,30.433597674633198,31.89362257309632,29.99953611662503,31.064958572387695,1978200
2020-03-27,29.76278062969155,30.098191631678468,28.76641287456621,29.43723487854004,1906700
2020-03-30,29.456958484217303,30.473054621537017,28.342209861638498,30.09818458557129,1217100
2020-03-31,30.019263682162407,31.824560837598973,29.624663159618795,31.301715850830078,1867100
2020-04-01,29.87129416573031,30.55197948557788,29.12155209544812,30.37441062927246,1676600
2020-04-02,30.3448116235436,31.775238860209996,29.900884826396595,30.404001235961914,1893700
2020-04-03,30.492929679617166,30.6312638163413,29.50482439521906,30.196496963500977,1428100
2020-04-06,31.30318152867624,32.91379449697256,31.30318152867624,32.73593521118164,1177500
2020-04-07,33.605453594797524,33.91176754006634,32.10353712394386,32.192466735839844,1373800
2020-04-08,32.65688163732316,33.76355859335393,32.27152114714513,33.3979606628418,1100300
2020-04-09,33.773439711132994,34.55404380867779,32.35056942532127,33.15093231201172,2087900
2020-04-13,33.032369454595745,33.05213201828344,31.698428444927124,31.935571670532227,1292100
2020-04-14,32.785337119497505,33.73391738861629,32.30116382022398,33.29915237426758,1485500
2020-04-15,32.17270588596858,32.646995918107116,31.73793719618334,32.16282272338867,1407600
2020-04-16,32.14306709547146,32.40985600279934,31.273535182470546,32.26164245605469,1727300
2020-04-17,33.002721143214124,34.55404628561175,32.94343346355941,34.49475860595703,2188400
2020-04-20,33.59559059996889,34.27738211107053,33.002728744169524,33.239871978759766,1831700
2020-04-21,33.05211889283301,33.60545537905646,32.02448860510071,32.05413055419922,1583100
2020-04-22,32.894029148844986,33.012600739553676,32.21223402129349,32.696407318115234,748300
2020-04-23,33.13117257860348,33.82284710668074,32.84462487968653,32.97307586669922,1401200
2020-04-24,33.279397619784504,33.71416273610658,32.94344155784169,33.575828552246094,1269300
2020-04-27,33.65486646441248,34.72201818363824,33.44736149542427,34.544158935546875,1780100
2020-04-28,35.512494882556204,36.75750938240767,35.44332782915576,36.67845916748047,1813400
2020-04-29,37.54800169588518,37.6962189997822,36.006556058782174,36.09548568725586,1839600
2020-04-30,35.68049055982074,36.095493064636514,35.17655463903199,35.92751693725586,2081600
2020-05-01,35.305008964976125,35.64096498481931,34.12916478018663,34.55405044555664,953900
2020-05-04,34.0896345678139,34.33666090526183,33.44736458272018,34.316898345947266,969400
2020-05-05,34.81095621634339,35.354413485974725,34.48488336229393,34.55405044555664,1096700
2020-05-06,34.662734124733014,34.93940238971085,33.467123902530744,33.506649017333984,1049600
2020-05-07,33.980940280930334,35.35440602935925,32.637116484984126,32.81497573852539,2025500
2020-05-08,33.25962331552121,34.08963189504298,33.2299813635348,33.951297760009766,1306500
2020-05-11,33.58570300740302,33.724037155380685,32.567951918539215,32.57783508300781,1533400
2020-05-12,32.69640786612071,33.11141032521818,31.451394834843825,31.53044319152832,1361700
2020-05-13,31.184603565390795,31.45139245576832,29.564111433606712,29.969234466552734,2306600
2020-05-14,29.346732634453623,30.591743843612782,28.3685065799318,30.542339324951172,1642500
2020-05-15,30.20638063224678,31.18460471503261,29.959354291604054,30.967222213745117,1192300
2020-05-18,32.35056980277453,33.269504281673726,32.024493238227514,32.992835998535156,1341200
2020-05-19,32.7754590431454,33.40784975672564,32.24188491475599,32.60748291015625,1195700
2020-05-20,33.220102532838844,33.56594168485164,32.91379227083442,33.141056060791016,1324000
2020-05-21,33.10153321536508,33.65487363502606,32.92367392937845,33.44736862182617,1400000
2020-05-22,33.417720022002904,33.872247542818855,33.417720022002904,33.84260559082031,1034100
2020-05-26,34.96904798635354,36.04608297641708,34.830713839444556,35.84846115112305,1142600
2020-05-27,36.72787092799981,37.241686118639265,36.07572160321173,36.83656311035156,1684200
2020-05-28,37.49861084846429,37.53813597981572,36.10538200758019,36.1745491027832,1146600
2020-05-29,35.72988499099687,36.68834827094984,35.45321673258667,36.490726470947266,1344000
2020-06-01,36.54013522740038,37.66657471827519,36.33263400946507,37.47883605957031,2369100
2020-06-02,37.90371516277046,39.24753880551693,37.84442749524148,39.128963470458984,2925700
2020-06-03,39.524212136083165,40.35422074171382,39.44516190253615,39.90957260131836,1881200
2020-06-04,39.61314706209107,40.53208541870117,39.267311667376774,40.53208541870117,1587800
2020-06-05,41.490544280522805,42.478649606124634,41.490544280522805,41.88578414916992,1957600
2020-06-08,42.26126400138575,42.99245981028242,42.182213768357684,42.79484176635742,1286200
2020-06-09,41.895665042786,41.94506955252417,40.9767268382307,41.0360107421875,962300
2020-06-10,40.99650644557765,40.99650644557765,39.148746104481155,39.198150634765625,1714800
2020-06-11,37.82466885828404,38.17050796738443,36.293106430332344,36.352394104003906,1417900
2020-06-12,37.854321318943214,37.972892918073015,35.552033800677506,36.60930633544922,1332900
2020-06-15,35.30500482721807,37.89383987123073,34.93940689148858,37.60729217529297,1487900
2020-06-16,39.48470060955897,40.018278561685854,38.04206727468902,38.298973083496094,1539400
2020-06-17,38.60527909073717,39.208024009910076,38.279206256839615,38.457061767578125,1575100
2020-06-18,38.04205882668824,38.526232142984604,37.83455759227111,37.903724670410156,765600
2020-06-19,38.644805000074875,38.81278111837549,37.7950337045412,38.24956130981445,2001600
2020-06-22,37.854315446083135,38.862183305629976,37.399784142844105,38.763370513916016,1506600
2020-06-23,39.52421232194579,40.34434153690102,38.99063455096209,39.0400390625,1410700
2020-06-24,38.516348032142986,38.704086701149976,37.508480072021484,37.508480072021484,1017500
2020-06-25,37.21204154274112,38.516340100341345,36.98477779990555,38.486698150634766,1137000
2020-06-26,38.24955265434493,38.36812799618462,37.577640794542674,38.18038558959961,1706000
2020-06-29,38.5855036594148,38.891817599421024,38.348360544647655,38.65467071533203,872900
2020-06-30,38.57553398981958,38.92181194451636,38.33808355363705,38.81298065185547,1176800
2020-07-01,38.961391220394155,39.14937015959586,37.88297778150649,37.93244552612305,950000
2020-07-02,38.783300054885835,39.29777284543723,38.37765855500927,38.45680618286133,1032100
2020-07-06,38.743729194893746,39.05043525474134,38.35787549730463,38.58543014526367,1025000
2020-07-07,38.27872732139697,38.69426472064623,37.88298155094003,38.08085632324219,1930700
2020-07-08,37.96212646688841,38.18968111772907,36.230728938444656,36.95296859741211,1295800
2020-07-09,36.81444548889935,37.101363606585295,35.50847779187922,35.77560806274414,1241100
2020-07-10,35.59753041790345,36.52753681403418,35.59753041790345,36.4088134765625,769500
2020-07-13,36.73530043891495,37.74445805232412,36.448382301209705,36.913387298583984,889500
2020-07-14,36.77487749051809,37.96212212919273,36.64626212048711,37.922550201416016,731600
2020-07-15,38.49638418235288,39.86171575517617,38.31829729136954,39.59458541870117,1318400
2020-07-16,39.64405263154482,40.13873759452805,39.080112075675665,39.60447692871094,768900
2020-07-17,39.77267244866594,40.583955499693054,39.77267244866594,40.10905838012695,1009500
2020-07-20,39.77266997856597,40.32671469657715,39.69351857648061,39.71330642700195,1477100
2020-07-21,40.08927682809419,40.613641772362435,40.049701118374635,40.20800018310547,745000
2020-07-22,39.921079070510764,40.663106590588264,39.921079070510764,40.48501968383789,611300
2020-07-23,40.35640550436106,41.16768864863727,40.32672183625039,40.68289566040039,815300
2020-07-24,40.90055793322019,40.90055793322019,40.10906264968961,40.24757385253906,607200
2020-07-27,40.12884536432535,40.71257376882483,39.64405244229152,40.64331817626953,729600
2020-07-28,40.60374192403016,40.67299751564805,39.52532857350591,39.54511642456055,1006000
2020-07-29,39.73309983970827,40.81151331213419,39.683632093553285,40.71257781982422,870900
2020-07-30,40.1585207966842,40.16841283417407,39.49564106047374,39.69351577758789,640200
2020-07-31,39.54511642456055,39.89139438264998,38.78330114261711,39.54511642456055,884300
2020-08-03,39.861709028127976,41.03905769836501,39.713302052638035,40.76203536987305,804300
2020-08-04,40.672986611740704,41.296290543348555,40.66309080179299,41.08852005004883,826000
2020-08-05,41.38534647814775,42.5231196467589,41.31608711000491,42.32524490356445,1231300
2020-08-06,43.53227563022274,47.123689426477185,42.93865519946928,44.94707489013672,2778700
2020-08-07,45.1647395586139,45.886979166521044,44.412816285897684,45.867191314697266,1656100
2020-08-10,45.87707364031298,47.75687764995932,45.85728579267874,47.6876220703125,1375000
2020-08-11,48.390084359955665,49.90381918375004,48.3406166170229,49.329986572265625,2529100
2020-08-12,49.963183082727205,50.38861246833366,48.301041244577995,48.95402526855469,1824000
2020-08-13,48.51870314688147,49.567432876116555,48.39997603575737,48.74625778198242,1216600
2020-08-14,48.43955396648333,49.09253801109964,48.35051051611988,48.924346923828125,1002200
2020-08-17,49.25082970978179,50.59637330375796,49.17168208468426,50.25009536743164,2139100
2020-08-18,50.19072802696986,50.398494773072514,48.91444011666011,49.804874420166016,1491800
2020-08-19,49.73563628910615,50.02255452914663,49.16179980902518,49.320098876953125,1188600
2020-08-20,48.74626269957422,49.76531264090489,48.399980918415764,49.24094772338867,989400
2020-08-21,49.15189874081427,49.71583930261366,48.9342361470858,49.05296325683594,879800
2020-08-24,49.43881438499491,50.4182884580947,49.37945083317354,50.35892868041992,985700
2020-08-25,50.69531758529261,50.90308436771323,49.94339431441778,50.596378326416016,836200
2020-08-26,50.596371188115654,51.15041963721716,50.052218550579084,50.8832893371582,787300
2020-08-27,50.83382445752025,51.26914583717578,50.39849930371822,50.457862854003906,984900
2020-08-28,50.616172449426934,50.8635149660434,50.22042291318168,50.843727111816406,588600
2020-08-31,50.53701294976196,51.239464626349395,49.943388784669125,50.705204010009766,907500
2020-09-01,50.645845499025555,52.30798728798537,50.23031193885899,52.01117706298828,1197000
2020-09-02,52.12001095791021,53.04012534317644,51.556070370056325,52.77299499511719,1093000
2020-09-03,52.67404635080268,52.792769662239046,50.50732421574948,50.95254135131836,1319300
2020-09-04,51.65500290266412,52.27830701246734,50.80414416290186,51.42744827270508,1042600
2020-09-08,50.72499388338884,51.50659698949781,49.99285851614132,50.81403732299805,1122400
2020-09-09,51.47692609413368,52.37725275163777,51.20979570905258,51.674800872802734,980000
2020-09-10,51.93202897164997,51.951813048880936,50.309459125998416,50.61616516113281,833300
2020-09-11,51.03169733424113,51.79350877748324,50.73488336771979,51.01190948486328,804500
2020-09-14,51.52639227207334,51.813306708513025,50.58649000154771,51.70447540283203,1039200
2020-09-15,51.793517438027756,51.90234874073073,50.982234348610845,51.437347412109375,1016200
2020-09-16,51.79351269513271,52.42671260067982,51.42744688931931,51.97159957885742,1098900
2020-09-17,51.2592495760581,52.792771977702834,50.82392445812161,52.02106475830078,1173300
2020-09-18,51.87266964324749,52.535545734740666,51.110854286805825,51.348304748535156,1902100
2020-09-21,50.30945116190061,50.30945116190061,48.01411360349765,48.696781158447266,1791200
2020-09-22,48.64731160645457,49.85434397891628,48.60773968251937,49.54764175415039,1206400
2020-09-23,50.59638591473323,52.100228907878616,50.012657409329094,50.74479293823242,1756700
2020-09-24,50.48754417470874,51.457126212008816,49.54764580046706,50.87339782714844,984000
2020-09-25,50.46776054762404,51.41755858790118,50.05222697149716,51.16032028198242,708000
2020-09-28,51.93203970503609,52.53555231313074,51.36809525958138,52.32778549194336,944600
2020-09-29,52.05074792936219,52.753199610548684,51.89244890579697,52.17936706542969,919800
2020-09-30,52.1892794573536,53.59551627320073,51.882282340301835,52.34772872924805,1739800
2020-10-01,52.902289124584044,53.44696193365969,52.10014149254155,53.04093551635742,1831300
2020-10-02,52.21898273913051,55.28894229567113,52.13975999929364,54.66504669189453,1516100
2020-10-05,55.0116675382333,57.10122025967941,55.0116675382333,56.34858703613281,1727500
2020-10-06,56.526829664041074,57.229948024625564,55.69497009816995,56.19012451171875,1535600
2020-10-07,56.77440904230474,58.319288453918894,56.7446972075001,57.79442596435547,959200
2020-10-08,57.992484332208065,58.67579604003389,57.2497527367646,58.428218841552734,1217900
2020-10-09,58.62628254503865,58.784731804171386,57.61616710141931,58.65599060058594,1244300
2020-10-12,59.418519241988434,61.08223808298233,59.19074870488814,60.74553298950195,1679600
2020-10-13,60.151363449751194,60.37913404040033,59.64630380192732,59.78494644165039,813800
2020-10-14,60.09194055811283,60.745544239714484,59.09172651676993,60.23058319091797,1554300
2020-10-15,59.26007652989474,61.795268323193895,59.170948590114314,61.44865798950195,1197000
2020-10-16,61.49817330581342,61.92400638051588,61.12185869195445,61.379337310791016,1922300
2020-10-19,61.74575186296501,63.2708283140632,60.57718718253686,61.29021072387695,1364300
2020-10-20,61.438753181161864,63.518399957892505,61.250592108803545,62.42906188964844,889400
2020-10-21,61.65662023097749,62.95392603490534,60.85447257269589,60.97330856323242,1651800
2020-10-22,61.10206042372823,61.676437626368404,60.369230169072914,60.527679443359375,1146900
2020-10-23,61.00301796236536,61.86458930151641,60.517768786626974,61.666526794433594,1072200
2020-10-26,60.76534686090446,60.913890910083566,59.7651328855489,60.54747772216797,1416000
2020-10-27,61.032726886490636,61.379333424077934,59.72551969083576,60.181060791015625,916900
2020-10-28,58.73522011513404,60.715837844189906,58.358901688849436,60.29000473022461,2227300
2020-10-29,59.289783513508546,63.62733687496663,59.02239969899455,62.0527458190918,1832500
2020-10-30,61.300119208830246,62.75587064669018,60.349419843575205,61.824981689453125,1272300
2020-11-02,63.03316228844699,66.29127943952447,62.171590835154824,65.80602264404297,2849400
2020-11-03,66.30116272142817,67.60836986927067,65.33066445168063,66.6675796508789,2117700
2020-11-04,65.33067864886381,65.65748239570692,61.14167249962704,62.845001220703125,3029900
2020-11-05,64.43940559341453,65.61787570773099,63.825411300446866,63.86502456665039,1475600
2020-11-06,64.07297145390892,65.3504706151874,63.47878773029138,64.48890686035156,1204000
2020-11-09,68.2025725049283,69.6385173002016,64.76619962255695,64.8553237915039,1248400
2020-11-10,65.22175260351445,67.74704362444733,65.04349667785496,65.93477630615234,1768100
2020-11-11,66.29127610752987,67.14294231359793,64.12249733214061,66.88545989990234,1738200
2020-11-12,66.32098405507749,66.92507305037837,65.42970459025186,66.42001342773438,1591900
2020-11-13,66.96468146425494,68.60859008666765,66.44971667497654,68.27188873291016,1011800
2020-11-16,69.32161204544457,69.50977312445673,68.03420765670387,68.67790985107422,976400
2020-11-17,68.00448643760434,68.20255268123366,66.41008906479793,66.73689270019531,1839800
2020-11-18,67.28159116516875,68.06393612702624,66.61807843949478,66.92507934570312,1461600
2020-11-19,66.98447991902364,68.34120555911103,66.27145644556036,67.5588607788086,1254300
2020-11-20,67.49945905346583,67.72722587211882,65.98428007185997,66.23185729980469,1401800
2020-11-23,66.96468815775292,68.29169840996579,66.66759247613005,68.2421875,920200
2020-11-24,68.46996027209585,70.23270899611569,67.57868070504712,69.94551849365234,1393200
2020-11-25,69.38104265490631,69.63852509756677,68.10354320209491,69.01463317871094,706100
2020-11-27,69.1631647246493,69.43055233850637,68.55908329230361,69.2522964477539,400900
2020-11-30,69.0542401236723,69.51967894123094,67.25187830091319,67.67770385742188,1332000
2020-12-01,68.7472452020821,69.7969778223101,68.28179878869672,69.28201293945312,1213800
2020-12-02,69.15326296280125,69.18297101691671,67.55886524465028,67.90547180175781,975800
2020-12-03,67.93518139035513,69.11365126659567,67.34099762825592,68.69772338867188,1651600
2020-12-04,68.90569135014513,70.97543321263169,68.66801178706525,70.04454803466797,1330100
2020-12-07,70.10393231188087,70.92589009448393,69.6979022425998,70.81695556640625,805000
2020-12-08,70.67833172309582,71.69834843314162,70.50007586223163,71.03484344482422,1015100
2020-12-09,71.42105008034424,72.8074759037643,71.42105008034424,72.39154815673828,1072300
2020-12-10,71.83699055310365,73.26303743033223,70.89619280003268,72.30243682861328,1324000
2020-12-11,72.78768555165011,73.04516791538754,71.30222258120827,71.37154388427734,1446700
2020-12-14,71.52997967784309,71.7280383373824,67.62816213019947,67.84603118896484,2101400
2020-12-15,68.23228359154497,68.94530719661444,67.9351879042803,68.56898498535156,1874700
2020-12-16,67.94507021206353,68.5491590319299,66.53883388453559,67.73710632324219,4594900
2020-12-17,68.12335285377463,68.53928079504819,67.48955573694134,68.15306091308594,1425700
2020-12-18,68.24216786762766,68.62838760935283,66.75670499777547,67.628173828125,2172300
2020-12-21,66.72699224650484,67.96487802430369,66.1031005344581,67.91536712646484,1271100
2020-12-22,67.79654733130586,68.80666665442628,67.6479994831461,68.46005249023438,1179800
2020-12-23,68.72742507492035,70.39114398790562,68.6977170228867,70.1237564086914,1201800
2020-12-24,70.3614468988058,70.49018432949522,69.70783943040503,70.24260711669922,243900
2020-12-28,70.8566132598145,71.29234409002126,69.89601230348482,70.02474975585938,625600
2020-12-29,70.73777102822616,70.73777102822616,69.09385448819219,69.93562316894531,593000
2020-12-30,70.10395274635741,70.95561882024073,69.94549973007415,70.46046447753906,610900
2020-12-31,70.68842689702923,71.56063135277795,70.31179470151258,71.3822250366211,524200
2021-01-04,70.27217293530447,71.19393796871344,67.00139183305706,67.64563751220703,3380800
2021-01-05,67.6456155820377,69.39993810948631,67.54650263933901,68.95392608642578,1929400
2021-01-06,70.29196590180698,74.2961905765034,70.07391290260665,74.13761138916016,1939600
2021-01-07,75.24769992866487,76.71459733622447,74.23673571400685,75.71353912353516,1166700
2021-01-08,75.94150666081688,76.11991300230015,74.34576315139256,75.30717468261719,809400
2021-01-11,74.39531077542946,75.96132104814899,74.33584451960039,74.64309692382812,915900
2021-01-12,75.21797525451312,75.91177356199206,73.77090481188962,75.58470153808594,728500
2021-01-13,75.1783253787859,75.58469834301303,73.3447091621002,74.1078872680664,882300
2021-01-14,74.54398977917235,77.20025779923733,73.95921805311407,76.89300537109375,1307900
2021-01-15,76.10008528996578,76.5163642296183,74.1376231105561,75.48558044433594,1021300
2021-01-19,76.5163554501446,77.67600030873861,75.94149736403607,77.55706024169922,1151300
2021-01-20,77.92379335249309,79.15281057353498,77.43812704039718,78.56803131103516,1328000
2021-01-21,78.4589998754799,79.10323773151909,76.66502324272028,77.1209487915039,827300
2021-01-22,76.873169533751,77.42821562853048,75.96131835481503,76.9722900390625,1034600
2021-01-25,76.85335964452757,77.0813186870419,73.75107950829991,75.04947662353516,697200
2021-01-26,75.61441784284165,75.61441784284165,74.07814078153883,74.17725372314453,698300
2021-01-27,72.52203304916303,72.71035290265367,69.7567392994504,71.03531646728516,1130500
2021-01-28,72.2841715704376,72.7797438402029,70.9659475180221,71.90753936767578,996400
2021-01-29,71.51109359841021,71.63002612613121,69.22154413593664,69.8459701538086,957000
2021-02-01,70.9263160004593,72.45267982525196,69.84597185096051,72.23462677001953,1458700
2021-02-02,73.27531978965968,76.10999392001351,72.90859356935756,75.1485824584961,1320800
2021-02-03,74.9602689477877,74.9602689477877,73.40417211259114,73.4636459350586,861300
2021-02-04,73.6023996376536,74.76203699731941,73.05726708644328,74.64309692382812,929500
2021-02-05,75.46575521142466,75.53513503644207,74.13762497199617,75.27743530273438,687000
2021-02-08,76.07034058999189,76.38750652841496,75.40627558795487,75.90184783935547,852700
2021-02-09,75.97122623733948,77.2002432806131,75.42609374621732,76.48661804199219,773000
2021-02-10,76.75424158838888,76.75424158838888,75.47566412457041,75.5450439453125,848800
2021-02-11,75.89195024268506,77.83459296943646,75.44593814732828,76.32805633544922,876100
2021-02-12,76.02078270000109,77.35883386978524,75.88202307024805,77.18042755126953,637300
2021-02-16,78.05263367955442,78.84555234801637,76.65511622780264,76.9227294921875,629300
2021-02-17,76.67495606489405,77.32910764726417,75.3468182093131,76.14965057373047,604800
2021-02-18,75.68380634977642,75.82256599632628,73.24559140947144,75.20805358886719,793900
2021-02-19,75.92168005161865,77.09123106225783,75.74327370891662,76.56592559814453,802700
2021-02-22,76.47671152699847,77.98324780585662,75.38644655209137,77.2200698852539,1110800
2021-02-23,76.51638234153873,78.04274637673178,74.17727980052449,77.51744079589844,1217900
2021-02-24,77.98324397356916,81.26392961366255,77.6759916203757,80.41154479980469,1720500
2021-02-25,83.25614188347306,85.46639754877644,82.69118979459424,83.8607406616211,2031900
2021-02-26,83.84091248910667,85.00055734070975,81.91809723547438,83.10746765136719,1536000
2021-03-01,84.92126625142492,86.89364180963008,84.46534066098636,84.94108581542969,1495700
2021-03-02,84.59419105605396,84.62392418449751,82.82004129453352,83.46428680419922,1331000
2021-03-03,83.46430372258833,84.28695573150192,81.84874040106648,81.9974136352539,1382400
2021-03-04,81.52165617993995,81.77935593381024,78.34008242064145,81.10537719726562,2443000
2021-03-05,81.93792204450271,82.8993335137835,78.09228372921277,82.38394165039062,1650200
2021-03-08,83.4940214245055,84.14818050928527,82.11633099522702,82.60198974609375,1507600
2021-03-09,83.38499747161431,83.91031049302745,82.31456698647446,82.49297332763672,948600
2021-03-10,82.43348575024635,85.05010660943138,81.95774062775764,84.73294067382812,1421000
2021-03-11,85.6150704888517,87.4685136707642,85.06003191537349,86.63595581054688,1391400
2021-03-12,86.61611096875208,87.92442131140162,86.3782384233154,87.85504150390625,675400
2021-03-15,87.39914436596712,88.18214962596333,86.56657884373234,88.0632095336914,893500
2021-03-16,88.11275837381605,88.12267193734553,86.18002182456951,86.4872817993164,965800
2021-03-17,86.73506538540992,87.61718346756882,86.1701132702988,87.1513442993164,1038400
2021-03-18,87.26036549664356,87.95416364424644,84.9410833598247,85.05010986328125,1157900
2021-03-19,84.45543040289775,85.61506776929322,83.08765357805947,84.70321655273438,1392000
2021-03-22,84.70322513596798,85.0104775731136,83.12730869299456,84.29685974121094,733700
2021-03-23,83.37509940045956,84.1878377959905,80.88732395144979,81.66041564941406,1900400
2021-03-24,82.60197946956077,83.71206403812656,81.40269552516784,81.5513687133789,1744700
2021-03-25,81.01617856480043,83.26608162678804,79.67813451904593,82.74077606201172,1118000
2021-03-26,83.91029034922697,86.42779052528567,82.96869861175496,86.36832427978516,1253700
2021-03-29,85.79347259842507,86.98285063392895,83.33543826968322,83.57331085205078,1016000
2021-03-30,83.54357968067922,86.98285267065569,83.39490647753087,86.7945327758789,1571000
2021-03-31,87.39913838731155,88.1127637684579,85.89260179742891,87.20091247558594,1412000
2021-04-01,88.21186307987293,89.4210606151307,87.32974505402082,88.38035583496094,1358800
2021-04-05,90.16562416547754,91.39546881234601,89.43167790555863,91.1772689819336,1368100
2021-04-06,91.04833700795999,93.32949987692012,91.04833700795999,91.39546966552734,1928600
2021-04-07,91.39547820776177,91.47482498460026,89.68956034036002,90.35407257080078,1562800
2021-04-08,90.54250975265195,91.13759538251139,89.3721714015945,90.77062225341797,1109600
2021-04-09,91.15744416892338,92.98237460912786,90.65161793231071,92.95262145996094,933700
2021-04-12,93.04188540660284,93.3592649579389,91.98064682242367,92.4864730834961,976200
2021-04-13,92.75423851668864,93.71629719735742,91.91119997907666,93.2898178100586,1856300
2021-04-14,92.73442338748194,94.23206164862845,92.55589692213384,93.24024963378906,1176100
2021-04-15,93.74606816329748,94.53952080067054,92.96254333172115,94.49984741210938,907900
2021-04-16,95.13461986720382,95.69995249154368,93.85518128223967,94.91641998291016,918900
2021-04-19,95.5015740831026,95.690020776024,94.43041535532525,95.04534149169922,714700
2021-04-20,94.50977525943084,94.57920180327073,91.42523904453901,92.98238372802734,1209800
2021-04-21,93.23033850259341,94.87675024018918,92.60549959629702,94.78748321533203,853500
2021-04-22,94.97592703887791,95.97765179296105,94.07337441262946,95.13461303710938,1125000
2021-04-23,95.03544020890808,97.14799737095194,94.74781377647327,96.84053802490234,847300
2021-04-26,97.66372745863552,98.13979297437177,96.552895310376,96.91986846923828,833100
2021-04-27,96.95954702201527,97.56455297097607,96.2256006651913,97.37610626220703,726500
2021-04-28,97.44552390004363,97.61413011515735,96.90002430182314,97.04879760742188,581500
2021-04-29,97.82241862510746,98.11004502427981,96.58265357708453,97.9315185546875,552000
2021-04-30,97.23724739131745,97.82241282717737,95.59083587300158,95.84870910644531,1727700
2021-05-03,97.03889228348028,97.69349190195278,96.25536738295833,96.3843002319336,866600
2021-05-04,95.97764915784866,96.89012199859847,94.51969179435618,96.85044860839844,729100
2021-05-05,97.11822861563341,97.66372823898666,95.9776433093925,96.58264923095703,905100
2021-05-06,96.50332201858521,99.18121170792891,95.52142257449003,97.78275299072266,1195300
2021-05-07,96.73143007984686,100.88712507900759,96.52315045295518,99.35973358154297,1584400
2021-05-10,99.90522366386166,101.12514815676526,99.30021775319652,99.77628326416016,1075100
2021-05-11,98.18939959084962,99.22088510064319,96.48348153876509,97.78275299072266,1362300
2021-05-12,97.72323913674168,98.33816532592584,93.73615806350186,93.89484405517578,1109300
2021-05-13,93.56752054027373,95.56106435486261,92.92284893097532,95.2337646484375,940900
2021-05-14,96.15617682990492,96.92979659806882,95.41231777995642,96.62232971191406,575900
2021-05-17,96.09665637413103,96.84051531452337,95.01558501288456,95.98755645751953,683500
2021-05-18,95.98755737328172,96.25535083185552,92.3476094062971,92.42695617675781,1404000
2021-05-19,91.57401582315298,91.7128689160659,89.29284489628175,90.52268981933594,1900200
2021-05-20,91.06817295655597,91.25661964849304,89.12422244236849,90.19538116455078,1978500
2021-05-21,91.18720081507522,92.59557208710316,91.14752742568953,91.86163330078125,959500
2021-05-24,92.29801585992615,92.47654231014924,91.46489747016804,91.72277069091797,560100
2021-05-25,92.56583299598782,93.49813130391328,92.04017374890799,93.05181884765625,1258300
2021-05-26,92.90303138353437,94.06344964693774,92.60549231357021,93.52787780761719,808200
2021-05-27,94.89657348651316,95.95781203528583,94.40066748116286,94.79739379882812,1134900
2021-05-28,94.87674177505664,95.03542776397357,93.75598934596573,94.56927490234375,650300
2021-06-01,96.56283100402695,97.18766993103424,95.33298606345696,95.6602783203125,996000
2021-06-02,95.76936039082041,95.88838055005694,92.1790059401529,92.78401184082031,1489700
2021-06-03,92.30793425546835,93.06171342657841,90.50283688009843,92.69474029541016,807200
2021-06-04,92.87326701931654,93.48819313007417,91.22686317691782,92.39720153808594,851300
2021-06-07,92.19883940743094,92.55589232037491,90.92932130226335,91.48473358154297,1080500
2021-06-08,92.4864578444054,94.10310848531411,91.74259893412868,93.74605560302734,978700
2021-06-09,93.26999761762846,93.7063973014032,92.02031242940748,92.07981872558594,753000
2021-06-10,93.00219112815248,93.21047826946075,90.68135509907523,90.91938781738281,1738400
2021-06-11,91.5640896721647,92.29802848259996,90.65162438709106,91.36573028564453,1598900
2021-06-14,92.05998011096749,92.863345327292,90.42348896514875,90.95906829833984,831800
2021-06-15,90.75079555394872,91.64342784327417,90.35406925125687,91.29629516601562,686100
2021-06-16,91.11777205575221,91.35580481934254,89.66972742961296,90.35407257080078,1079000
2021-06-17,90.35407096805037,90.90949082914227,86.39674323826107,86.43641662597656,1820500
2021-06-18,84.90902685629581,85.96034516640643,84.53214101625665,85.20657348632812,2179100
2021-06-21,86.06945554197205,88.18202022443607,86.06945554197205,87.48774719238281,1772400
2021-06-22,87.6067479737431,88.66798641655144,86.56534243972139,88.21175384521484,1278000
2021-06-23,88.70767073081208,89.95734844530296,88.07291163448886,89.08455657958984,1055500
2021-06-24,89.75897402790274,91.76243067123366,88.97544174437967,91.30619812011719,1401000
2021-06-25,91.73268753011217,92.37736682781711,91.35580170337192,91.55416107177734,2015000
2021-06-28,91.48471908667725,92.04013884488079,89.30273613500007,90.44332122802734,731000
2021-06-29,90.95906651770068,91.39546616588908,89.68954852325167,89.96725463867188,703800
2021-06-30,89.59012721295925,90.51312321104527,89.12367338333182,89.88787078857422,1040700
2021-07-01,91.16815268759329,91.16815268759329,89.67945000826869,90.0764389038086,724700
2021-07-02,90.06651806546571,90.18561701359724,88.37932461257213,88.85570526123047,800500
2021-07-06,88.96486778913741,88.96486778913741,86.28520610722113,87.3272933959961,906900
2021-07-07,86.32490016787568,88.21058396993904,86.28520052535725,87.30744171142578,1618400
2021-07-08,85.7988938741175,87.89300289473739,84.41936334401306,86.60279846191406,1404000
2021-07-09,88.01209094304033,89.46109378197993,87.73420102487827,89.11373138427734,904200
2021-07-12,89.01449541341222,90.31462662644462,88.01210018455984,89.9474105834961,722300
2021-07-13,89.34201504197867,89.72908474050324,88.66713612885837,89.06412506103516,688100
2021-07-14,89.72907649340081,90.70169133730896,87.67465952610488,88.14112091064453,623600
2021-07-15,87.09903479274422,89.0839717269421,86.78144518614991,87.66474151611328,791400
2021-07-16,88.20068313096733,88.74653629257548,86.91047098183144,87.2776870727539,927100
2021-07-19,85.78897726244784,85.97754112347626,83.76434066810972,84.7965087890625,882500
2021-07-20,84.65756611729746,88.17089794559452,84.29035004623421,87.63497161865234,946300
2021-07-21,88.82591524190249,89.89778285202945,88.56787135681287,88.87554168701172,604400
2021-07-22,88.73659844732613,89.21297901310746,87.91284790291074,88.54802703857422,598300
2021-07-23,89.03434164652093,89.25268591189418,88.071646061157,89.09388732910156,540200
2021-07-26,89.26262353273502,89.9573484868033,87.15858748737467,87.51587677001953,683500
2021-07-27,86.89061787710531,88.08157701644153,86.43407571602843,87.42654418945312,639400
2021-07-28,87.6548293061838,89.88788372896899,86.28522531943874,88.9847412109375,757800
2021-07-29,90.2054581807469,91.20785345056774,89.39163434230032,90.76123809814453,637400
2021-07-30,90.19551657189795,91.1681388396379,89.84815418053806,90.21537017822266,630400
2021-08-02,91.16814707129413,92.71639533939515,88.34953290133805,88.4289321899414,688300
2021-08-03,88.90532291578631,90.61236981036615,87.64488378160866,90.49327087402344,870000
2021-08-04,89.84816052,90.28484902676823,88.34953115789948,88.369384765625,1054400
2021-08-05,87.64488152740005,93.55007301999918,87.64488152740005,91.83309936523438,1216300
2021-08-06,92.89504261755143,93.87758423342103,91.35672110938114,91.65445709228516,739500
2021-08-09,91.09868073589351,91.85295888467327,89.4114798128844,91.3864974975586,811000
2021-08-10,91.54529069633497,94.13563404115085,90.60244866682945,93.53022766113281,812900
2021-08-11,93.8180355027334,96.59695001780592,93.39127379303153,96.40837860107422,1352200
2021-08-12,97.43063783796408,98.77046889497947,96.6565135637745,97.61920928955078,1199500
2021-08-13,97.629139396553,97.90702939443439,96.31908114087324,96.73591613769531,636400
2021-08-16,96.03125232745764,96.7656768831473,95.59456377286365,96.23966979980469,627200
2021-08-17,95.38613575447442,95.38613575447442,92.16061354832169,94.33412170410156,1041100
2021-08-18,94.00661843350441,96.2495993851673,93.85774664268924,95.51516723632812,885800
2021-08-19,94.27456360313997,95.55484864465986,94.1951718922031,95.1578598022461,820300
2021-08-20,94.95939665696177,95.68390207200012,94.46316235327194,95.5747299194336,607300
2021-08-23,96.54732555308058,97.32144970008672,95.84267389178184,96.77559661865234,634500
2021-08-24,97.02371567331929,98.6116636442547,96.79544460315363,98.30400085449219,809000
2021-08-25,98.73077549594127,101.92651789274427,98.30401371306144,101.42036437988281,1263400
2021-08-26,101.2317676314195,102.11506382166456,100.37824427896864,100.8248519897461,776800
2021-08-27,101.45013800245839,103.00831334780827,100.98367656504648,102.57162475585938,1007600
2021-08-30,103.2861897808136,103.60377937729999,102.22424885769354,102.63116455078125,641900
2021-08-31,102.9090606433702,103.15717776705704,101.2119404259843,101.3310317993164,822500
2021-09-01,101.44019805686796,101.88681339676478,99.85225007174576,101.00350952148438,750600
2021-09-02,109.43948139654847,113.86589689169612,107.901160000389,113.18109130859375,3668800
2021-09-03,113.57808685305545,115.55309686167838,112.46651951197569,115.12633514404297,2387500
2021-09-07,114.84844894085765,115.24543783073462,112.60546814919604,114.39191436767578,1511900
2021-09-08,114.39190848964721,115.84091142709785,113.92544713590588,114.83851623535156,1095200
2021-09-09,114.32243991129133,115.42408046506215,113.0620007755308,113.63763427734375,892100
2021-09-10,114.52093311944931,116.18828040783963,113.53839148027049,114.92784881591797,1325900
2021-09-13,115.78138161867749,116.30738872477134,113.55824667361836,114.29267883300781,1075400
2021-09-14,114.6201741366305,115.79128715907653,113.49868756327838,115.12633514404297,1398400
2021-09-15,114.78890833959912,118.79847434626544,114.18350195941858,117.27999877929688,1306000
2021-09-16,117.1112862093491,118.52058970070593,115.73175556229877,115.98979949951172,1082500
2021-09-17,116.64481041485834,118.01442165963952,115.47369739421438,117.52810668945312,2272300
2021-09-20,114.36212196634993,116.18825994674793,113.21085513980444,115.83097076416016,1320400
2021-09-21,116.81354003951293,116.89293933719728,113.00246461386935,114.0048599243164,1212400
2021-09-22,115.0270872931547,117.12119619048137,114.89806155711558,114.997314453125,1037500
2021-09-23,115.81115234985099,118.40149575540886,115.42409023839372,117.71669006347656,1326600
2021-09-24,117.13112155878537,118.51065965187217,116.38677023131692,116.40662384033203,1027500
2021-09-27,117.12120487924024,117.82585657597184,115.86076569696908,116.1485824584961,931500
2021-09-28,114.98739155441974,116.23790388166717,113.24064501800322,114.9576187133789,901500
2021-09-29,115.5133889488962,115.57293462600049,113.66739723933844,114.97745513916016,1262000
2021-09-30,115.76192808683048,115.76192808683048,113.02129364013672,113.02129364013672,1093300
2021-10-01,113.49793120535007,116.80455800082876,112.55459304858243,115.8512954711914,1512600
2021-10-04,115.33494957743066,116.6258226253811,112.0878916960045,112.3460693359375,1552300
2021-10-05,112.3659218739005,113.8851841374029,110.90623614595302,111.86943054199219,2449400
2021-10-06,110.6877803336851,112.06802565009752,107.79819710416632,110.92609405517578,1485900
2021-10-07,111.38286684828333,113.20995894272873,110.65799372492074,112.59430694580078,1632700
2021-10-08,112.39571909316565,113.2794731282784,111.4027363502653,111.9786605834961,617500
2021-10-11,111.68077837018436,112.41558353174811,110.08207543260995,110.12179565429688,624000
2021-10-12,110.16149781567962,111.70061638046575,109.53591389649347,110.85658264160156,664500
2021-10-13,111.11475519707577,111.3630008487333,109.67492587194853,110.2210693359375,635200
2021-10-14,111.44245895995792,112.4950182657395,110.86652713851403,112.3460693359375,743800
2021-10-15,113.98447048008269,114.42138523653907,111.3729290400271,111.5516586303711,1145700
2021-10-18,111.10483868503628,112.48508409393452,110.75729623960456,111.87936401367188,716900
2021-10-19,112.41557915730013,113.41849388225954,111.1842826363501,112.4552993774414,843600
2021-10-20,112.46523997822659,114.04407907704882,111.57155389594138,113.5177993774414,901200
2021-10-21,113.47807191947085,115.95059694294291,112.35600409516319,115.78179168701172,1320500
2021-10-22,115.77185106258756,117.91669736260498,115.77185106258756,117.23153686523438,777300
2021-10-25,117.34075533971709,120.53816061420926,116.87405229239161,119.67426300048828,929200
2021-10-26,120.81621609579146,121.09425006912248,118.70116544793119,118.86003875732422,676800
2021-10-27,118.48271729159258,118.79053956103515,115.50376864271661,115.65271759033203,790800
2021-10-28,116.317981416288,120.99492856357335,116.317981416288,120.65731811523438,880000
2021-10-29,120.17076219786368,122.08721909877677,119.71399106809382,120.42893981933594,905200
2021-11-01,121.15382107643161,121.53115177427664,119.6742714021341,120.13105010986328,926900
2021-11-02,120.13104296355472,120.54809385360407,118.05570530922208,119.83314514160156,913000
2021-11-03,119.07848913953801,119.3863189425293,114.35189672091582,116.000244140625,1638900
2021-11-04,111.4722530243347,116.59604041448046,110.0224990223516,112.48509216308594,1803500
2021-11-05,113.289404268764,117.99614820589991,111.77014179350601,116.59603881835938,1657700
2021-11-08,120.57789446664951,123.81502032150875,118.75080228491566,118.95933532714844,1313600
2021-11-09,119.15792549913286,120.34950172378143,116.88399417842157,117.38048553466797,891100
2021-11-10,116.65560545295989,117.85711355445208,114.66964014619137,115.2257080078125,635300
2021-11-11,115.3845728400708,117.33082536487913,115.3349282565523,115.7221908569336,607200
2021-11-12,115.82150059759265,116.68539826700658,112.76311208779516,116.15911865234375,1233900
2021-11-15,117.73796215041905,118.44297898055844,116.88399639540918,117.8471908569336,1182200
2021-11-16,117.98620031780142,119.15792016916582,117.11237829720257,118.65149688720703,869700
2021-11-17,118.59192361158784,119.13806712438641,116.68539865467478,117.66844940185547,957600
2021-11-18,118.07556123840476,118.97917143921552,117.0726467197384,118.22450256347656,566700
2021-11-19,117.56914977070826,120.73675933986198,117.15209886706143,120.21047973632812,813900
2021-11-22,121.14390372016669,121.77941211722026,118.43305729534625,119.72393798828125,1056300
2021-11-23,119.60477077134082,120.97509183281038,118.51249124722749,119.98210906982422,1038300
2021-11-24,119.5253358690835,121.69003855850202,118.18480310123326,121.12403869628906,861700
2021-11-26,117.63866897342785,118.57207519356285,115.18600034025256,116.71519470214844,647100
2021-11-29,120.1806858772885,123.32843897995782,119.10826282421084,120.82612609863281,1100100
2021-11-30,119.34658189738036,120.5183016760637,112.80282258121692,112.98155975341797,1647600
2021-12-01,115.78177289652623,117.00314486220476,109.71464843406433,109.73451232910156,1129400
2021-12-02,110.3700349396984,115.10655935652359,109.82389139308479,112.79290771484375,1731000
2021-12-03,113.38870834319674,113.64687841654953,109.35719302407858,111.81979370117188,1047700
2021-12-06,113.34899516925245,114.03414819218776,110.78709756806336,112.16734313964844,1191300
2021-12-07,114.19301253098708,116.68540127355551,113.68658922374016,116.1789779663086,797600
2021-12-08,116.11940461525028,116.56624382012154,114.9079644543104,115.24557495117188,1018200
2021-12-09,114.441258010327,116.20876603253595,112.78297869293833,112.86241912841797,844100
2021-12-10,113.69651208047503,114.46110537855647,112.4453518350309,113.5574951171875,611300
2021-12-13,113.95467811309999,114.0837631156538,110.56860402416018,111.2239761352539,989100
2021-12-14,110.87645113662391,111.98858690423393,108.55286769556191,109.9827651977539,1005300
2021-12-15,110.63811227388996,111.48214591379228,107.93719856551812,111.3729248046875,864400
2021-12-16,112.34608191869845,114.40155616777892,109.7742599077783,110.56864166259766,913700
2021-12-17,109.88346403006989,110.73742214196052,106.6264745641347,108.0960922241211,2274600
2021-12-20,104.96818722477471,106.88464389994387,104.48162788365883,106.68605041503906,1690400
2021-12-21,107.6095400306621,110.19129358597812,107.6095400306621,110.05227661132812,951400
2021-12-22,110.38987672445697,110.96580846579589,109.3571738842184,110.73741912841797,692300
2021-12-23,111.1743501078372,112.24677331848933,110.72751089132748,111.09490966796875,493100
2021-12-27,111.56162331644708,113.6369614427921,111.2736573766261,113.57737731933594,608100
2021-12-28,113.59722155878505,114.85830624512303,113.30925566880245,113.4979248046875,432200
2021-12-29,113.61709010598518,114.5306324633628,113.26954764131517,113.47807312011719,412800
2021-12-30,113.58729682955423,114.56042326361249,111.80985678757467,112.03824615478516,644600
2021-12-31,112.03824743280117,114.45119585994667,112.03824743280117,113.85540771484375,631400
2022-01-03,114.01435154595649,115.14704253657568,111.22236854387555,111.55024719238281,923600
2022-01-04,112.41468967528918,115.97174108987316,112.27558778358899,115.4053955078125,853300
2022-01-05,115.17686644263267,116.83615870542003,108.48007688051051,108.61917877197266,1585700
2022-01-06,109.07622875493253,109.78167622637426,107.3473855491389,109.28488159179688,1044700
2022-01-07,109.09610574104717,109.54321788388961,105.93649153423804,106.00604248046875,832200
2022-01-10,105.24097061171673,107.30763805279042,102.92590586033567,107.07910919189453,1380400
2022-01-11,107.55602788745485,109.86115446367101,104.71436224860857,109.27494049072266,1133200
2022-01-12,110.02015876683744,110.66598581931362,107.58586016267152,109.4339370727539,757300
2022-01-13,110.00028185157952,111.13297316409842,106.3438725468123,106.59226989746094,824000
2022-01-14,104.97270860186136,106.33392105946146,104.45603793289412,105.95635986328125,581100
2022-01-18,104.376549890151,105.75763829020975,103.4028291256966,104.92301940917969,1089200
2022-01-19,105.58874188314581,106.66182025121593,101.44547591699708,101.50509643554688,1148100
2022-01-20,101.83295369542707,103.43263289360078,99.08071498170587,99.33905029296875,1145100
2022-01-21,99.3390589782889,99.91533499620512,97.23264698783319,97.6400146484375,3039000
2022-01-24,95.13617101730549,99.02110863690578,93.30797042960023,98.8422622680664,1840200
2022-01-25,97.24258714281123,97.54065938336427,94.75861390244553,96.43777465820312,1456600
2022-01-26,98.36534031848203,100.60091623481117,95.32495949802951,96.43777465820312,1095100
2022-01-27,97.312139298779,99.06085102376358,95.82175533605145,96.26886749267578,1165900
2022-01-28,96.25892064185177,97.91822039589007,94.3015562514018,97.86853790283203,939300
2022-01-31,96.92464536347917,102.0615005493164,96.92464536347917,102.0615005493164,1471000
2022-02-01,102.42912454991489,103.44258995273542,100.38233287276586,102.45893859863281,1054200
2022-02-02,102.63776806565096,103.33327747802093,100.81949799840422,103.14449310302734,1161600
2022-02-03,101.82303106288974,103.14449902222839,100.6605258633809,100.81950378417969,1049900
2022-02-04,100.54130609734513,101.76341672050218,99.27944341109439,99.30924987792969,853000
2022-02-07,99.35889783610561,100.17364049514238,97.79896344329805,98.23614501953125,1241500
2022-02-08,98.61375223919931,101.97208182829486,98.33554840797653,101.59452056884766,1103800
2022-02-09,103.35316143761686,105.73777740723509,103.35316143761686,105.58873748779297,999600
2022-02-10,103.43264372552169,106.1650142770534,101.30636324822305,102.21053314208984,1325900
2022-02-11,102.16084136611745,103.16436858188416,98.69321717639869,99.26950073242188,1394800
2022-02-14,99.39866361623989,100.66051855389131,97.8884038002572,98.82238006591797,879500
2022-02-15,100.65059321143649,104.36661485267548,100.65059321143649,104.16789245605469,1334700
2022-02-16,103.05508612715174,107.02944343198298,102.54835344824997,106.294189453125,1156100
2022-02-17,105.13168387189566,105.75764999708072,102.04162047001509,102.31983184814453,1118900
2022-02-18,102.101228590479,103.26372613830466,101.18712076284065,101.51500701904297,901100
2022-02-22,100.74002870657871,102.64771853615254,99.47817350340341,100.1240005493164,1253400
2022-02-23,100.61082858880557,101.00826572199189,97.15313538471231,97.6896743774414,1154700
2022-02-24,97.37175295551341,108.79803008804816,96.37816363964083,108.04290008544922,2814000
2022-02-25,106.74130552617139,108.20188310205508,103.42271311327131,107.51630401611328,2063600
2022-02-28,106.15507180651122,109.28487945937525,105.43969391428561,108.24161529541016,1398800
2022-03-01,108.81790707788244,110.31822918511594,107.24804159678509,107.67528533935547,1710200
2022-03-02,108.6291171216577,110.16917594772559,108.17206696537716,109.53327941894531,1192900
2022-03-03,110.17911224783126,112.38488161416245,110.17911224783126,111.64962768554688,1537400
2022-03-04,109.9406540016079,110.61629500695243,106.9300797329572,108.47013854980469,1056300
2022-03-07,108.10252530955242,111.15284433897538,107.08905991813046,107.31758880615234,1628400
2022-03-08,107.68519824023238,116.95538759454305,107.4467389470768,116.0810317993164,3089900
2022-03-09,117.0646763073656,120.37333007977328,116.01147420751171,117.95890808105469,2264000
2022-03-10,116.24001651007751,120.70123817163771,115.89226175195098,120.27399444580078,1636100
2022-03-11,120.72110946813926,124.14898979121327,120.72110946813926,122.5294418334961,1963100
2022-03-14,122.39031705937998,123.8608323999814,120.50249607716283,121.81403350830078,1837100
2022-03-15,121.05893065902929,122.21149801881545,118.71406661417848,120.89002227783203,1090600
2022-03-16,122.0624435086607,123.64225443129718,119.03200070387453,122.05250549316406,1172900
2022-03-17,120.98936931599481,124.88424524874523,120.9695008648185,124.85443878173828,763300
2022-03-18,124.05956600462618,126.33488651032674,123.20507856299241,125.74866485595703,1269200
2022-03-21,125.95733151753083,128.11342638993221,125.85797408840995,127.39804077148438,1257700
2022-03-22,127.76558214936131,130.49795139204718,127.74572128894361,128.90821838378906,1154500
2022-03-23,128.39159852494052,129.11691440088637,126.90121471463178,128.3816680908203,936100
2022-03-24,128.46113687158882,132.00825747893614,128.46113687158882,131.72012329101562,1059700
2022-03-25,131.72013595668682,133.6377559582275,131.0146809086832,133.4390411376953,1206700
2022-03-28,133.3098691091542,134.7406400683891,132.62429009444006,134.67108154296875,1349000
2022-03-29,135.80380775571487,136.8371493423939,131.0345902081812,133.59805297851562,1443600
2022-03-30,135.3864505105866,135.61498692826453,130.07075771789883,131.312744140625,1753400
2022-03-31,131.2829977375839,134.6015833386344,130.53780554304404,130.76632690429688,1288500
2022-04-01,131.15376807010742,132.90247951976065,130.31915682102073,130.7761993408203,1087000
2022-04-04,130.77622039068697,131.35250401094905,128.97782616176673,130.59738159179688,1158200
2022-04-05,130.37877574334422,132.2467282866485,129.03742426197692,129.26596069335938,1573200
2022-04-06,127.17941887609194,129.77268732055097,125.46050620743176,128.58038330078125,1984100
2022-04-07,128.74929768891795,132.87268703940032,127.9047407564245,131.511474609375,1811700
2022-04-08,132.21729771969996,134.3347675673333,130.895122922224,133.20147705078125,1661100
2022-04-11,131.86936275327002,134.33477913801113,131.54131811697883,132.24713134765625,1832400
2022-04-12,132.91315996213407,134.52363642553928,131.9985760684543,133.13186645507812,1594600
2022-04-13,133.18157925354743,134.57333409702133,132.86345519275903,133.94705200195312,1079700
2022-04-14,134.07629598479454,135.93530149929921,133.79794497591544,134.34471130371094,1532700
2022-04-18,134.0763016818805,136.48205845741228,134.01665720158522,135.56747436523438,1014100
2022-04-19,135.71657986801097,138.40068725155737,135.05052465880067,138.09251403808594,1044700
2022-04-20,136.75045760598078,139.21585857007565,135.76629345957937,137.02880859375,1480600
2022-04-21,138.3509836134665,138.3509836134665,123.64802175940883,124.53278350830078,3511800
2022-04-22,123.50885004362655,124.14508306039444,118.98563117705788,119.83062744140625,2619000
2022-04-25,118.47864751883102,120.29788011947844,116.5600049170301,119.95987701416016,1725100
2022-04-26,118.89616000547097,119.35345202426365,115.88399257841525,116.38105010986328,1385200
2022-04-27,116.88805920420519,119.26399376624614,116.73894041729747,117.10676574707031,1831400
2022-04-28,117.86228162013045,119.06515995844802,114.44253089767672,118.14063262939453,1141100
2022-04-29,117.30557145104068,120.13879771918786,114.80040495723043,115.2974624633789,1122900
2022-05-02,115.03898921568464,116.06292645396479,112.22564194046164,115.54598999023438,1663700
2022-05-03,115.41676042477617,119.18445752577661,115.41676042477617,118.30963897705078,1271600
2022-05-04,118.79674539134996,120.83468422474881,116.16233906033301,120.56626892089844,2059800
2022-05-05,122.4650346361498,124.98014448269257,117.9219291907218,120.2779769897461,2174400
2022-05-06,119.05521506026788,119.98967800702276,114.5916332293127,116.89797973632812,1620300
2022-05-09,114.82030119123586,115.98341411029641,108.5275503965798,109.18367004394531,2095800
2022-05-10,110.07837490424953,112.52389728549431,108.07025803555065,111.16195678710938,2108500
2022-05-11,110.43621593700458,113.41856051106782,107.89128432750883,108.11993408203125,2069100
2022-05-12,106.91707207929325,109.41229528702166,105.70425055675021,108.28894805908203,1365600
2022-05-13,110.24735389604415,114.03492958049833,110.12805736683862,111.90752410888672,1662100
2022-05-16,111.9671677027305,112.91158148641622,109.96900204956002,111.5297622680664,1288800
2022-05-17,113.18993171667204,113.99516241978483,110.40640675148663,112.9911117553711,1608400
2022-05-18,112.26541273449234,115.57581766639453,109.37253430269604,109.96900939941406,1132000
2022-05-19,108.90530389389778,114.61152200699819,108.6070663529518,112.86187744140625,1447900
2022-05-20,114.16416711042288,114.6512889389713,110.48594451048184,112.33499908447266,1588800
2022-05-23,113.8162339493214,117.24593554300787,113.44841622197698,115.74481964111328,1372700
2022-05-24,114.80040499704361,115.68516675153509,113.1004616510701,115.22787475585938,1307500
2022-05-25,115.69511611241946,118.5581725412298,115.06882631086546,117.66346740722656,1243900
2022-05-26,119.29381518118626,121.8983995430609,118.57805107657971,119.92010498046875,1764600
2022-05-27,121.2025104056849,123.67786244987728,120.89433715367146,122.78315734863281,1486000
2022-05-31,123.14101735846788,123.25037060597249,117.63361981444301,118.29967498779297,10607300
2022-06-01,119.82069775125741,121.03351944712176,116.99741436734087,119.07511138916016,1350900
2022-06-02,119.11484546090983,123.97606665174145,118.30961482945143,123.8368911743164,1189200
2022-06-03,122.99192242181891,128.67826205525,122.45509935315621,128.36013793945312,1746200
2022-06-06,133.7780669808406,137.64517384403658,130.10978009001371,130.626708984375,2312900
2022-06-07,129.50336172613746,133.37046836273862,128.14141389878054,132.95294189453125,1402000
2022-06-08,132.396244257747,132.396244257747,128.3899615419856,129.67237854003906,1565600
2022-06-09,128.97649208599913,131.92901499889206,127.66425293849476,129.990478515625,912700
2022-06-10,127.82331636798581,128.31043820872944,123.91644387474373,125.85496520996094,1411400
2022-06-13,124.62228466838971,127.97244810792742,122.36563887017864,125.06963348388672,2222700
2022-06-14,125.11933294367131,125.74562275553961,121.74928320383856,122.82292938232422,1504300
2022-06-15,123.07143277750707,124.91054390217397,120.21832016530819,123.3895492553711,1631900
2022-06-16,120.47681530259437,121.61010594658252,113.19989283801429,114.0548324584961,2132700
2022-06-17,113.19987159261719,116.14245092162862,112.19581337384288,113.17998504638672,2049000
2022-06-21,115.50623247602543,119.98968598343792,114.80041168606357,118.5283432006836,1338300
2022-06-22,116.2219935279837,119.46280311319069,116.01322269421956,118.16051483154297,1119100
2022-06-23,118.46869990078861,120.77504673169486,115.87405876795698,120.04934692382812,1472000
2022-06-24,121.28205049631941,125.82515651071151,120.8148151538387,125.23863220214844,2702700
2022-06-27,126.16314962019962,127.5250824384261,124.44332717857891,127.15726470947266,1214700
2022-06-28,127.69407358044724,129.09577942440023,123.06150144791653,123.36967468261719,888300
2022-06-29,123.59833725012979,123.86674500091122,117.26582107413755,119.0452880859375,1727100
2022-06-30,116.90667048391816,124.80456258550898,116.90667048391816,124.67524719238281,1493100
2022-07-01,124.5459554545621,127.09237622149544,121.50218640727883,125.47102355957031,1036100
2022-07-05,123.43187469925753,126.9133121575282,121.10428872698651,126.57511901855469,1297300
2022-07-06,126.10761550828721,127.32114639913301,122.40734347683333,125.6202163696289,1048100
2022-07-07,127.07249491066021,131.8172021015496,126.13747764685118,131.5486297607422,981300
2022-07-08,131.53868413728597,132.87157394152925,129.70843085408336,131.25021362304688,882800
2022-07-11,130.02670984615483,131.29991997715894,129.5393031640275,130.4544219970703,589100
2022-07-12,129.16134137287682,130.50417248685446,126.20708408418547,127.04263305664062,985400
2022-07-13,125.47100425571477,128.82312629262887,124.49620602600488,127.22167205810547,985900
2022-07-14,125.10298120639938,127.51015261444422,123.84966902292041,127.3609390258789,888500
2022-07-15,129.46969940499687,129.46969940499687,119.7515104010634,127.33109283447266,1401400
2022-07-18,128.0572252804337,129.5890511213386,126.0976644884715,126.28665924072266,844800
2022-07-19,127.47034930000983,130.85232647744164,127.47034930000983,130.41465759277344,885300
2022-07-20,130.30524958845675,132.55325835396664,129.03203920365368,131.59835815429688,783100
2022-07-21,130.5936891783383,132.51346120368748,129.9272443836112,132.4338836669922,547400
2022-07-22,133.09037458583143,135.36822254770746,130.89208897538933,132.3542938232422,699700
2022-07-25,131.18059701850146,133.15009210506486,128.0671916955109,132.97103881835938,784400
2022-07-26,133.23958014463483,134.45311097050887,131.87685092945767,132.57313537597656,907300
2022-07-27,133.3788191446524,134.44315143847095,132.3642398777453,133.25946044921875,1455000
2022-07-28,137.43722038261612,144.60898918066061,135.6069823747624,144.5194549560547,2590000
2022-07-29,145.23565312932394,146.06125317429974,137.25819688446322,137.9942626953125,2613400
2022-08-01,137.2681160169545,138.73032107571206,135.77607127763977,137.9842987060547,1453700
2022-08-02,137.8251359012765,139.35697691407117,135.935218741861,137.5764617919922,940600
2022-08-03,138.96905418735687,138.96905418735687,135.38814072924723,136.33309936523438,1659600
2022-08-04,134.61226892666178,135.38813092341442,131.10099176298664,132.70245361328125,1779100
2022-08-05,133.44845369704126,137.914630184344,132.76211085014663,136.18386840820312,1287200
2022-08-08,137.20846034022335,139.01880037726306,136.45248116131015,136.5320587158203,1095600
2022-08-09,136.1142643633919,137.18853839641758,134.86095224712724,135.11956787109375,654300
2022-08-10,137.05921981700342,139.78469360672574,136.83044387888222,139.5061798095703,1187900
2022-08-11,141.31652810322367,141.98297288530068,140.01346303966818,140.50086975097656,888000
2022-08-12,140.61031919415043,142.86828484174993,140.26216929514973,142.69918823242188,790800
2022-08-15,141.39611822101213,142.69918354039996,140.57053338434034,142.21177673339844,624900
2022-08-16,141.97303358102639,143.30593848615604,141.30658871739394,141.67462158203125,912100
2022-08-17,140.50086285956408,143.46505380495913,139.6752630476122,143.3556365966797,1077900
2022-08-18,144.26081590725656,145.52408456955396,142.88813003518752,143.71372985839844,573600
2022-08-19,142.79862584491025,143.23629472948636,141.03800880572507,141.2667999267578,728500
2022-08-22,139.07846122483056,141.5950419621594,138.1832253369262,139.26744079589844,652300
2022-08-23,139.77476949762422,142.25155430035076,139.41667811703098,140.47105407714844,725700
2022-08-24,140.94848965033475,144.74823752893573,140.94848965033475,144.3404083251953,731800
2022-08-25,145.59374442429308,148.53805319910677,145.36496844362034,146.9664306640625,863400
2022-08-26,147.42397613557364,147.42397613557364,143.1965159763834,143.8629608154297,982800
2022-08-29,142.2416068757768,145.8523602149248,141.54532232524457,144.1016845703125,654300
2022-08-30,145.39478520439235,145.88219195215203,138.96905433075784,140.0134735107422,758600
2022-08-31,139.92393458330798,141.3065619110941,139.20775199272765,140.55059814453125,1415200
2022-09-01,139.71504646190206,140.62020854343808,136.29328882302335,138.3622589111328,1328300
2022-09-02,140.60031598408196,143.91264102169407,139.35694571601567,139.8542938232422,790300
2022-09-06,139.64544394465656,140.92859577819755,137.7754096286807,139.51612854003906,889900
2022-09-07,139.38683167141963,141.84373335115814,138.49159567443422,141.67462158203125,886700
2022-09-08,141.21702288824522,145.88215056605924,140.3715250341689,145.83241271972656,990600
2022-09-09,146.96639861373333,147.21507272306283,144.78801098754883,145.9816436767578,730000
2022-09-12,146.74755910596463,147.3642660188481,143.86294560869266,144.88748168945312,774700
2022-09-13,140.99822582188457,143.5446463782872,140.14278624329333,140.69981384277344,730800
2022-09-14,140.74954814176516,142.4504857551658,139.3768621792967,141.61492919921875,1565500
2022-09-15,139.19785443534974,141.34640288534717,137.30792165553345,138.1434783935547,1623000
2022-09-16,136.37289763613984,137.7853648594518,134.14477198898993,136.69119262695312,3608000
2022-09-19,135.268792986472,141.3961123663487,135.0300603439319,140.53073120117188,1753600
2022-09-20,139.89412757067092,140.152743219596,136.80062057395935,137.83511352539062,1272700
2022-09-21,138.3921251032833,141.38615602207105,135.69649098401376,135.805908203125,699700
2022-09-22,136.77073397908745,137.17856308309337,134.65202611580523,134.990234375,761000
2022-09-23,132.98099547869373,132.98099547869373,125.96838117074293,128.07713317871094,1647300
2022-09-26,127.40072135323099,130.34501430439582,124.76477427985832,125.07312774658203,1282500
2022-09-27,126.9829500922994,128.14674309585044,123.4716653142824,124.88414001464844,1034900
2022-09-28,126.12749896392492,130.37485658607685,125.94845331914448,129.50946044921875,962900
2022-09-29,128.31585084983988,128.31585084983988,124.24754573302465,127.25152587890625,857600
2022-09-30,127.75908438511647,129.5107182927118,125.88803400824335,126.78375244140625,1033700
2022-10-03,128.77423546221448,131.66042835676936,127.39085104657747,130.72491455078125,787100
2022-10-04,132.67557271203742,136.31815834621,132.67557271203742,135.38262939453125,888600
2022-10-05,133.80019086080173,135.16366605292652,131.36185365959514,133.90966796875,757500
2022-10-06,133.73053674664803,135.73098100199394,131.50120648516392,131.5907745361328,698700
2022-10-07,131.04340698024586,131.12302809858605,126.9231090197373,127.91835021972656,623000
2022-10-10,127.96808393811253,130.44623938544447,127.67945555663144,128.4159393310547,565300
2022-10-11,128.85384588150853,132.04856079873875,127.06240914998281,128.82398986816406,1064900
2022-10-12,129.2619199438595,129.2619199438595,125.68900041836325,125.7586669921875,775500
2022-10-13,123.57908268200283,130.00834671994775,123.0117955719591,129.59034729003906,843000
2022-10-14,130.13772920686475,130.90406915568153,122.66347352827061,122.82271575927734,816800
2022-10-17,125.79847095703649,129.68985953635467,125.31080496581573,129.07281494140625,902000
2022-10-18,132.52627702221082,135.342810488126,131.05330961025626,132.7850341796875,871100
2022-10-19,131.60072392252113,132.52630602490072,129.8889080478647,131.93911743164062,601900
2022-10-20,132.2277346656953,133.43198309238448,129.7097758687921,130.11782836914062,706200
2022-10-21,130.3964754104899,133.40209218899574,129.97847602777398,132.7751007080078,775500
2022-10-24,133.74049390480667,137.11436037477705,133.28267635102867,136.75607299804688,958200
2022-10-25,137.07453792419193,142.07065196885,136.65653852883094,141.6725616455078,1365400
2022-10-26,142.51850569179396,143.62322379008737,139.39344961342275,139.8214111328125,982200
2022-10-27,140.70720979982977,141.9612082812059,139.10487081387228,139.592529296875,751500
2022-10-28,140.20957274984215,142.04081275165447,138.80627913692302,140.5081329345703,830600
2022-10-31,139.94085665520345,141.60290752897055,139.79157655936416,141.36404418945312,753900
2022-11-01,142.89670456404266,143.37441599178632,141.04555569709188,141.5929412841797,719900
2022-11-02,140.31901428048369,142.27963998904724,135.93994538596544,136.12904357910156,1229300
2022-11-03,143.87204314391676,146.00185837437607,136.30822030791623,143.72276306152344,2404500
2022-11-04,146.94735035105825,148.78855256089713,140.1100484809127,146.07154846191406,1635600
2022-11-07,147.01700460633455,148.3207679120112,144.53884900091074,146.5492401123047,1220500
2022-11-08,146.54928663402936,149.07719294396475,145.3052349648101,147.05685424804688,1001000
2022-11-09,145.22555160694554,147.19612435447488,141.93130662821497,142.3592529296875,823800
2022-11-10,147.1264777558702,148.28096095194775,143.2450287730935,146.36013793945312,1345000
2022-11-11,146.3701034175152,148.290911287786,143.48389536128417,143.782470703125,1065400
2022-11-14,143.364485257886,144.11091609207892,141.443662014419,141.51333618164062,907400
2022-11-15,143.34457761976253,144.73790911641353,141.2545651886117,143.36448669433594,779200
2022-11-16,142.9365076444064,146.30042708595803,142.17018300800035,146.03170776367188,826600
2022-11-17,144.32983943874157,148.15156084658156,143.7326888248168,148.04208374023438,884900
2022-11-18,149.28616459168626,149.68425495612783,146.1411990796063,147.95254516601562,749500
2022-11-21,147.12646787804098,148.9278515238865,146.81794562084153,148.23118591308594,621100
2022-11-22,149.28615935157111,151.04774028404822,147.01701094432113,147.086669921875,923300
2022-11-23,146.80797452914413,149.1766526474189,144.57864471069297,145.50421142578125,682800
2022-11-25,146.23075712642685,148.48001157149932,145.772954757266,147.81320190429688,271700
2022-11-28,147.8729147843188,149.8335408379197,142.0408017124945,142.87680053710938,880900
2022-11-29,143.34456148701068,144.47913563121392,142.41899463686948,143.86209106445312,579700
2022-11-30,143.7127862227548,149.45533072110848,143.48388505778894,149.16671752929688,1560700
2022-12-01,149.78379221497022,152.29180415069865,148.58950587906256,151.0079345703125,907000
2022-12-02,149.94303321046584,153.9140356243785,149.66436690725,152.34156799316406,627000
2022-12-05,151.11738399248293,151.61500447337454,148.3008502482958,150.1022491455078,748200
2022-12-06,150.51032301876202,151.45579912526392,148.26108336489511,148.8781280517578,475800
2022-12-07,148.57953427760842,150.1818730252177,147.37530107404183,147.6042022705078,627900
2022-12-08,149.35580218284966,150.83870133550252,148.27097811098176,149.5946502685547,622300
2022-12-09,149.77385092805864,150.94822823331225,147.14641481534397,147.43502807617188,745000
2022-12-12,147.95254523036712,149.71411103926997,147.63406078973617,149.544921875,565500
2022-12-13,154.14296287809822,154.26238696326777,149.49518826741695,151.8140869140625,984400
2022-12-14,152.8292165276704,154.0633209234976,150.09230358072455,151.3662109375,1518800
2022-12-15,148.59943611486824,148.59943611486824,143.25499663056306,144.1308135986328,1921300
2022-12-16,142.21994626937388,143.51376272891093,141.03562212380632,142.58819580078125,2219200
2022-12-19,143.29481138030548,143.64315184476928,140.84652674346157,141.68252563476562,1290500
2022-12-20,141.4237465933446,144.518946588643,141.4237465933446,141.9810791015625,1664500
2022-12-21,143.12562093932436,144.8175277812877,142.8170986264349,144.02134704589844,653800
2022-12-22,142.69767169125421,143.6332007413641,139.7517513964087,141.9114227294922,672800
2022-12-23,142.03086390948764,143.53367250184158,141.26452401118675,143.51376342773438,405700
2022-12-27,143.81231228573628,144.73787904776327,142.62797316653695,143.2848358154297,417600
2022-12-28,143.14552583085433,144.32986514147456,140.17971167552017,140.64747619628906,445600
2022-12-29,142.1104573285665,142.71755495293613,140.9360802245379,142.02088928222656,502400
2022-12-30,140.7861073713815,142.35947206052705,139.8400858975947,141.90139770507812,400900
2023-01-03,142.25989669696474,142.72792361015956,138.57544211634593,140.01934814453125,789800
2023-01-04,140.24836062323735,140.8060057637368,137.30080339639997,137.96798706054688,930000
2023-01-05,137.42030381162436,138.8741774796435,134.0445447823004,135.00051879882812,1101400
2023-01-06,137.1713434184076,140.3678656203914,136.19546443117832,138.53558349609375,894800
2023-01-09,138.90405268780887,142.36943006866449,137.6393832962495,138.0576171875,815800
2023-01-10,137.43026639033346,139.04347171159398,137.43026639033346,138.92396545410156,939600
2023-01-11,140.44753494114414,143.0664921182394,139.3820375280004,140.09901428222656,875700
2023-01-12,140.95540359841712,147.3583862420714,140.60686774169295,147.18910217285156,1204000
2023-01-13,146.57171070961414,148.54338919435807,145.85473395249045,147.87620544433594,770800
2023-01-17,147.87620061205988,149.70846773386035,147.24884217140428,147.6471710205078,849900
2023-01-18,148.15502444044418,149.95741881287856,142.73787360514808,143.69384765625,753300
2023-01-19,142.52877965783327,143.7137834304688,141.5827580277839,142.88726806640625,1677800
2023-01-20,143.1461710603679,145.76512847841786,142.61839856699038,145.62571716308594,931800
2023-01-23,146.82066142920905,149.1508283064618,146.38250727560066,148.9217987060547,766100
2023-01-24,148.2048305036436,152.92492525643513,147.5575517594528,150.87356567382812,804600
2023-01-25,149.3698947134327,149.39976747680006,145.03816168886655,148.26455688476562,915200
2023-01-26,149.02134514353892,149.53916498532334,146.8007171680237,149.42962646484375,840400
2023-01-27,149.09105049942931,150.49513095279536,148.65289644067488,149.369873046875,645200
2023-01-30,148.9018649854203,150.54492771802765,147.79652717785265,148.4736785888672,743000
2023-01-31,148.80227405338852,151.60048269850947,148.14505809891804,151.55068969726562,705500
2023-02-01,150.87354136951421,153.7314955962322,150.2163254017105,152.2278289794922,569100
2023-02-02,152.94482719276866,153.56223315717043,148.91183655763265,151.0428466796875,991900
2023-02-03,150.1764829238949,153.1041351590626,149.7682015834116,151.7896728515625,850200
2023-02-06,151.2021828442097,152.72575476701098,150.79390142837573,152.0784912109375,696600
2023-02-07,151.71005022969862,153.39293851385267,149.8678151942835,152.9249267578125,569000
2023-02-08,152.3473750435481,153.97051793950212,151.55073238333478,151.7200164794922,960300
2023-02-09,152.57638213642517,153.35310443682852,151.10260330933843,151.819580078125,1313200
2023-02-10,151.74986176164197,153.35309931683292,149.7184377810316,150.7042694091797,1063800
2023-02-13,150.79387447382263,153.81116020724608,149.87774097904585,153.64186096191406,582200
2023-02-14,153.0842344283774,154.96629464873428,151.58058283471107,153.55226135253906,803700
2023-02-15,152.6062628672673,155.71315223103963,151.78970004003853,155.34471130371094,653400
2023-02-16,154.16964189596632,157.87400099992433,153.35307924549357,154.66754150390625,911400
2023-02-17,154.27918611943954,156.40024359885498,154.08999700633706,154.2493133544922,862600
2023-02-21,153.31327756570693,153.99041384330172,147.52767046718827,148.0753631591797,1098600
2023-02-22,148.533397853444,149.3499452166838,146.71108367155165,147.77658081054688,1155900
2023-02-23,159.32791733296014,168.0411628121064,157.56534799294988,158.9495086669922,2860100
2023-02-24,157.54540976076981,162.43477264614492,156.45997700458852,159.96519470214844,1468900
2023-02-27,161.75768472497919,164.097804599731,160.18431957962454,162.2157440185547,866800
2023-02-28,162.22566678200067,163.32103688959688,160.61246159184154,160.7220001220703,1195000
2023-03-01,161.2398235621783,162.6936972504544,158.32213885723831,158.97935485839844,957400
2023-03-02,158.18275968052038,160.074772688856,157.30645124144547,159.37771606445312,741200
2023-03-03,161.8871216601009,163.14182347980622,159.63660520935673,162.43479919433594,793100
2023-03-06,161.75766017100074,164.19736571038413,160.1743427403671,162.68374633789062,769300
2023-03-07,163.01234489515628,163.958351205866,161.47882063507532,162.28541564941406,607300
2023-03-08,162.06632845975184,162.97250942689774,160.30375952705865,161.74766540527344,772200
2023-03-09,162.51442637692745,163.58989133613053,158.94946341809407,159.8755645751953,589700
2023-03-10,159.50709345916127,159.67639267845783,155.3347079697751,156.68899536132812,1695700
2023-03-13,154.61775478275123,157.29645721339273,154.19952091846127,155.21522521972656,897700
2023-03-14,158.50134168459792,160.44314689998276,156.89810451811326,159.06895446777344,860300
2023-03-15,156.56951422724583,157.89392907344623,151.06274550575992,154.6874542236328,1368800
2023-03-16,153.1140718410418,157.39601122517902,151.36147080704828,156.54959106445312,848300
2023-03-17,156.81846297214716,157.13712602831487,152.2477480224139,154.44847106933594,1607500
2023-03-20,155.13558855507472,157.77446619610916,154.60781606580656,156.62928771972656,1000500
2023-03-21,159.18846933982584,161.43897018360184,157.7744362226189,160.94107055664062,764000
2023-03-22,160.28386361796248,162.6439031202831,157.83419062977921,157.89393615722656,752200
2023-03-23,158.1628042822769,161.16015469836398,156.5993920913844,158.30221557617188,808400
2023-03-24,156.3205737838768,161.17012682901384,154.20948407717967,160.1046142578125,1209700
2023-03-27,162.01655849127235,163.02232560460055,159.6166783031336,161.76760864257812,821000
2023-03-28,162.1659145664469,163.9782613072046,161.5684289362639,162.59410095214844,901000
2023-03-29,164.25711668537386,164.80480942330246,163.03228761305633,164.76498413085938,651500
2023-03-30,166.14911118180913,166.5175520425435,164.78485587493705,165.82049560546875,695300
2023-03-31,166.29846023031578,167.02538936483347,164.86450700436515,165.93997192382812,919100
2023-04-03,166.17899972968237,166.78643793855528,163.2314269797354,165.09356689453125,671600
2023-04-04,165.6512050819504,166.18892997105198,161.20993390841073,161.96673583984375,830600
2023-04-05,160.96102533320268,161.15022966319552,157.24669757361224,159.23829650878906,1095400
2023-04-06,158.62058394644518,160.51354373946037,158.481102858563,158.54087829589844,679300
2023-04-10,157.74381791968221,161.1312240457009,157.59436414211586,160.94192504882812,941200
2023-04-11,161.04155137658992,163.20351545064878,161.04155137658992,163.12380981445312,755800
2023-04-12,164.36919942692091,165.9832121282082,163.721611966839,164.38912963867188,883300
2023-04-13,164.64814177412427,165.3953650007684,162.35666937425188,164.428955078125,838900
2023-04-14,164.2596285521033,166.07289801223635,163.9408211319312,165.40538024902344,444000
2023-04-17,165.5747091883571,166.83003875682402,165.19611121593084,166.23226928710938,449400
2023-04-18,166.73043448469343,167.67691430640062,166.1525799656213,167.16879272460938,711400
2023-04-19,166.05294591264666,167.06917388496555,164.68802284554295,165.3953857421875,434400
2023-04-20,164.3891389961816,167.46769558701308,163.65187314240168,166.670654296875,512100
2023-04-21,166.5510801738601,166.62082830807336,164.60830275193752,165.1861572265625,526300
2023-04-24,166.16251426137148,168.48388951808906,165.87359464333917,167.64700317382812,514200
2023-04-25,165.9732491434637,167.4577383587732,165.64446904065161,166.60092163085938,597000
2023-04-26,165.38543288383752,166.60091740193872,162.8648006952255,163.46258544921875,578300
2023-04-27,164.8274768278177,168.75289179112102,164.32932802947553,168.3444061279297,790800
2023-04-28,168.44408103400534,170.18760223255967,168.0256225683297,169.011962890625,727900
2023-05-01,169.141481463552,171.30344586145327,168.10532324009736,168.58355712890625,740800
2023-05-02,167.8263692249931,167.87618715778453,164.37918718892763,167.49758911132812,688100
2023-05-03,168.30456133234432,170.32705962744745,167.5872409822632,167.59719848632812,870700
2023-05-04,166.36179373711448,168.84258060294934,160.00542444118648,164.7378387451172,1229200
2023-05-05,167.17876291759703,170.9049067157819,167.17876291759703,170.43666076660156,855100
2023-05-08,170.3669224555735,170.69570255125473,167.55735538464177,168.25477600097656,821200
2023-05-09,168.2348362950265,170.80528627796787,167.39794984540757,170.36691284179688,889300
2023-05-10,171.5425572530155,172.1901599796775,169.07174283104206,170.7953338623047,711000
2023-05-11,168.93224395773137,171.13406867294006,168.62339408778158,170.95472717285156,686200
2023-05-12,171.8613821785425,175.63734440812036,170.9049295365373,173.20639038085938,896000
2023-05-15,172.85764848449088,174.4218431482827,172.2200185736774,174.1627960205078,652900
2023-05-16,172.88754728840277,173.29603301432908,168.67321206383582,169.061767578125,959700
2023-05-17,170.2274184903038,170.5362683319824,167.5573328611001,169.13148498535156,969200
2023-05-18,168.64332114313999,171.861358556866,167.47765462242123,171.2536163330078,827600
2023-05-19,172.12039553001776,173.38569794175254,170.00824914373396,171.0742950439453,658000
2023-05-22,171.4927276201585,173.56502865625814,170.14771964695024,170.35694885253906,795500
2023-05-23,168.55365679688097,169.50015188157852,164.8972456454804,165.99317932128906,1166500
2023-05-24,168.44404560860895,168.44404560860895,165.02673687294006,165.94332885742188,698900
2023-05-25,166.49132809003075,172.3993668222969,165.97324897077817,172.2100830078125,1080400
2023-05-26,173.34584693891938,175.69711018199015,172.43921235908388,173.35580444335938,811300
2023-05-30,175.01960017879756,181.1567971349076,175.01960017879756,180.49923706054688,1711000
2023-05-31,178.1280580835947,180.1904016079988,175.9461789029,176.92254638671875,1767200
2023-06-01,176.344719050639,177.21149331344046,174.57131009783905,175.3982391357422,986400
2023-06-02,175.93621496122287,179.7321069334266,175.89636974047434,179.41329956054688,756500
2023-06-05,179.41329591366778,179.41329591366778,175.8465482384369,178.56643676757812,596100
2023-06-06,177.8590872640549,181.40590499472992,177.8590872640549,180.94760131835938,619700
2023-06-07,180.78819722867735,184.0460799403842,180.78819722867735,183.24903869628906,764100
2023-06-08,182.44202665373155,183.26895555402461,181.0173282656469,182.69110107421875,508900
2023-06-09,182.31253323897394,182.89038776615342,181.02730061060825,182.1531219482422,347100
2023-06-12,182.51180040626926,185.79958625863938,181.47564215831952,184.69369506835938,679200
2023-06-13,184.56416844548406,185.45087288417477,183.5579131348839,184.31509399414062,787600
2023-06-14,184.2951765232008,185.80955354871344,182.96014102024978,184.40476989746094,828300
2023-06-15,183.80694368351865,185.9190896616847,183.38850052948357,185.11209106445312,660300
2023-06-16,186.21801870449193,187.9117218627115,185.20179072864124,185.26156616210938,1752600
2023-06-20,183.9265228421396,186.00878143002822,182.9102949102962,185.0623016357422,647400
2023-06-21,184.91286696877674,190.60171856146917,184.71359525856852,190.23309326171875,1015300
2023-06-22,189.35638483507466,191.12979395949915,187.7423870302682,188.60916137695312,624100
2023-06-23,186.80583282970855,188.69879252146387,185.82946526676193,185.91912841796875,2264000
2023-06-26,187.36374587954234,190.91056331312402,187.3438156685962,189.80467224121094,729300
2023-06-27,189.85450404309358,194.1585177842246,189.85450404309358,193.9393310546875,623200
2023-06-28,194.26811005744264,194.4175486438793,192.5146162309983,193.0028076171875,659000
2023-06-29,192.6441272611273,194.39760577107532,191.76738040500493,194.1286163330078,853300
2023-06-30,195.07549348215878,196.37121561208048,192.92260273169273,195.80308532714844,723700
2023-07-03,195.22496752032546,195.56385941072762,192.73320037391383,195.0655059814453,398900
2023-07-05,193.51063260815164,195.24490803596012,192.90264080948373,194.50733947753906,575100
2023-07-06,193.40100279923595,194.87613998133048,191.3677273875016,191.89598083496094,729200
2023-07-07,191.68669491187103,194.87615422643177,191.62687971751598,192.9624786376953,737300
2023-07-10,194.6767989690859,199.93941018334803,194.2282686973435,199.13206481933594,1021700
2023-07-11,198.85301142070483,199.8297952471915,198.00581958166083,199.29156494140625,902600
2023-07-12,200.33807896583193,201.82317766309077,197.58717350585303,197.7765350341797,715400
2023-07-13,197.83637269817777,198.66364131142973,196.11205868341023,197.61709594726562,534400
2023-07-14,197.94602904231976,197.94602904231976,193.9891007805868,195.48416137695312,687600
2023-07-17,195.7033969743834,199.29153252564097,194.81632848217512,198.6536407470703,516100
2023-07-18,198.50415216780831,199.96931254456942,197.84632195609097,198.95266723632812,812600
2023-07-19,197.98588118293563,199.76998005101592,196.82969739354863,199.29156494140625,542000
2023-07-20,200.2583639004897,200.2583639004897,198.3446883305665,199.3214569091797,522000
2023-07-21,199.9294317232742,202.8099140314733,199.9294317232742,200.82647705078125,671500
2023-07-24,202.3315247289564,203.49767011542335,200.88630259402942,203.13885498046875,598700
2023-07-25,202.5009500456031,205.75020924099266,202.25177330707058,204.72360229492188,615200
2023-07-26,204.01594138540804,204.7235947800814,200.90622066940438,201.98265075683594,734100
2023-07-27,202.80991733097463,202.96939408626466,200.19855009939747,200.9660186767578,602200
2023-07-28,201.92284585427944,203.9361980370438,198.89286359054495,199.81979370117188,1089400
2023-07-31,200.73676269499072,201.48429286670773,199.37127911472055,200.95603942871094,821500
2023-08-01,200.29822855949442,201.78331213107884,199.00250652680273,201.22515869140625,1094800
2023-08-02,199.97928718815714,201.8032627804648,199.19189536835623,201.6537628173828,1235000
2023-08-03,199.61054241549616,203.53757096530094,193.3611844134326,202.67042541503906,1349600
2023-08-04,203.38801922058315,203.68703434940392,197.53735424948096,199.62046813964844,1009500
2023-08-07,199.6603614924475,201.63383717265808,198.69355444725682,201.4544219970703,552200
2023-08-08,201.6238172541837,203.18865427199043,200.72678719369043,202.032470703125,630800
2023-08-09,201.833158336786,203.98604900909493,201.40458164634344,202.7700653076172,501600
2023-08-10,203.3082865942521,204.12559362226253,198.24501328412353,199.7699737548828,676000
2023-08-11,199.82980255612395,200.87633279507114,198.97263388209467,199.51084899902344,522100
2023-08-14,199.55071479735128,202.93951250774612,198.64370777895755,202.86973571777344,554400
2023-08-15,202.2019533803529,203.45781399069364,201.34478471319275,202.53086853027344,668900
2023-08-16,202.68034647137083,203.6172381464786,199.96930259004424,200.1088409423828,483800
2023-08-17,200.11880719837777,201.85308265374013,199.25167707496666,199.75003051757812,826600
2023-08-18,197.87623275095638,202.9594443611697,196.660249035706,202.4012908935547,696900
2023-08-21,202.78998931996009,203.5873426603656,200.54739883085435,202.89962768554688,478300
2023-08-22,203.86644053969792,206.99609987223224,203.09898710944202,205.94956970214844,681300
2023-08-23,206.01934055999,208.7204233096132,204.90303355041056,207.56423950195312,552400
2023-08-24,207.83334273249454,207.83334273249454,200.85639390591328,200.89625549316406,697100
2023-08-25,202.0723876205009,206.0791389088067,201.96274923946513,204.59405517578125,634200
2023-08-28,205.211994986829,207.19544730844515,204.83324147603267,206.99609375,428400
2023-08-29,206.2485718667525,207.95294752567526,204.98276492900865,207.9130859375,406600
2023-08-30,208.46125411176413,210.37494485399304,208.29181575398638,208.94964599609375,410400
2023-08-31,209.30845555196873,211.73044609468477,209.13901719868966,209.1788787841797,767100
2023-09-01,210.22544500938335,212.11919749211057,209.30847636651703,211.66070556640625,560500
2023-09-05,211.17229631740327,211.19223471476528,205.94956164059496,208.12237548828125,640800
2023-09-06,208.55097391231777,210.37494951023587,206.82665988724705,208.40145874023438,509200
2023-09-07,207.28514926093715,209.4579631501265,204.75350504654182,208.0127410888672,667500
2023-09-08,208.72039756326336,208.8798743188291,204.98274665273112,205.81997680664062,621500
2023-09-11,206.95623609370585,207.31505121376364,203.56743845535902,204.3647918701172,613700
2023-09-12,203.80664306958164,207.33499436581062,203.54750472469743,203.81661987304688,478200
2023-09-13,203.2285392161751,204.93291477729215,197.5473126933533,199.67030334472656,826300
2023-09-14,201.09558545783787,203.08899932513478,199.9394169732967,202.1221923828125,568100
2023-09-15,200.89624497528544,200.89624497528544,197.73668585426236,198.58389282226562,1211200
2023-09-18,199.09220237276102,199.68025579104642,196.7200350947782,197.0489501953125,602800
2023-09-19,196.7400068028254,197.81645225723432,193.31133206845843,195.48416137695312,787600
2023-09-20,196.2217008673828,197.28818465011355,194.5273020207994,194.60704040527344,472500
2023-09-21,193.5305820636186,193.5305820636186,185.47718827371634,185.85594177246094,1375100
2023-09-22,185.82603140328516,188.97562876468928,185.726354632801,187.82940673828125,1121900
2023-09-25,187.27125697600778,187.73971043104666,184.04192117694964,186.9622802734375,726000
2023-09-26,185.5469709127875,186.41410109933418,183.56351859170468,184.2412872314453,841700
2023-09-27,186.83273622320496,189.88265740760622,185.7961675677485,189.4939422607422,1261800
2023-09-28,189.18492002844857,191.5770255336804,187.9988364732786,188.2978515625,774700
2023-09-29,189.59413758918822,190.45166927410025,185.66544627028847,186.532958984375,910900
2023-10-02,186.3434804121877,186.58278164490338,174.9762001937579,176.13287353515625,2088200
2023-10-03,174.7070201043458,176.03318859881298,167.87667875291726,168.88377380371094,2950100
2023-10-04,168.02622364271903,171.38655914548443,163.4194919467108,171.25692749023438,2620500
2023-10-05,169.78120731184495,171.19712906820058,167.15875242821534,167.74705505371094,1914200
2023-10-06,166.99917625159938,173.3209862652176,165.2841129942749,172.21417236328125,1648400
2023-10-09,171.07746105626734,173.5902156400798,169.73133057459475,173.3907928466797,1055000
2023-10-10,173.6998802847819,178.3465053847556,173.51042332781142,177.1200408935547,1421800
2023-10-11,177.57872649079098,179.56301897466122,177.0801619162995,178.80520629882812,813500
2023-10-12,180.03166649626348,180.9290766224439,176.2625196223331,177.3992462158203,1080100
2023-10-13,178.36647717004334,179.00463925304058,171.5660486845247,173.03182983398438,944700
2023-10-16,175.19560144311117,176.3622408082564,173.10163920374202,175.8736572265625,696400
2023-10-17,174.7070056181421,179.41344122322906,174.23835369896256,178.8849639892578,729100
2023-10-18,176.96051614103826,176.98046298476035,171.2469702208449,171.5460968017578,770400
2023-10-19,170.97774314075195,172.6728597179222,168.12595305351866,168.25558471679688,1442300
2023-10-20,168.84388582231125,169.482047888712,163.4195006504129,164.2271728515625,1908600
2023-10-23,163.73858732567794,166.31116718920654,162.50214168031266,164.99496459960938,1261300
2023-10-24,169.2626745797059,173.64007097496463,166.75988587038384,166.7698516845703,1249200
2023-10-25,167.4279815948771,170.16010609327353,167.13880558235527,167.74705505371094,1063900
2023-10-26,168.4151087093664,169.21281507880647,165.90235418585786,166.7698516845703,919900
2023-10-27,166.8895056847308,166.94933100102475,163.36964090292165,164.3966827392578,810800
2023-10-30,165.84252150272906,167.1088645224088,162.09330629742564,164.2869873046875,1106900
2023-10-31,164.35680908113704,167.19861819322952,163.57904951656568,166.64022827148438,1573500
2023-11-01,163.58899883280307,164.37673934759232,153.2986343620663,159.1617431640625,4262000
2023-11-02,169.51194448199297,174.746872179231,165.762744599079,174.57736206054688,3054400
2023-11-03,176.03319263112647,177.48900804337904,166.87955333972255,168.69432067871094,1758100
2023-11-06,168.56468192774457,168.78405155283818,164.89523882934662,167.97637939453125,1114400
2023-11-07,166.54049661587254,167.02908010816262,163.4693373451251,164.60606384277344,1093700
2023-11-08,169.69142117604122,170.52902117474667,166.64020859606273,169.2726287841797,1801900
2023-11-09,171.22704332846735,174.48766037519863,167.61744015834591,169.08322143554688,1670600
2023-11-10,170.81818071787373,173.96911227070805,169.22278331459046,173.5702667236328,1406000
2023-11-13,173.5303772854332,177.03029497383977,173.12155069994043,175.73403930664062,1273900
2023-11-14,179.48324904629442,184.24952522043623,179.05449081009814,182.3250732421875,1520800
2023-11-15,183.6113889162569,186.76232115967787,183.07294578819707,183.19259643554688,1517900
2023-11-16,182.66410362971925,184.94752284121972,181.67694022785645,182.77378845214844,846400
2023-11-17,183.75095935319388,184.6683163494317,181.68690991540467,182.58432006835938,633900
2023-11-20,182.6840224815919,184.5187363074706,181.24815419525834,183.60137939453125,806300
2023-11-21,183.29228901225966,184.4190346139071,182.5444421442268,182.83360290527344,733500
2023-11-22,182.98317630848751,183.96037389152625,181.6869205042249,183.28231811523438,789600
2023-11-24,183.12276747677154,183.7609295421726,181.47751041885783,182.05584716796875,329300
2023-11-27,181.60712540944402,185.3463594841568,180.92906971877193,185.17684936523438,1191100
2023-11-28,184.897651557264,185.89478071037007,180.4504640548017,180.81939697265625,1185300
2023-11-29,182.4945724568539,185.89477113032976,182.11565852940612,185.07713317871094,1580400
2023-11-30,186.55287994112584,188.23803055699562,185.64548880719863,187.76937866210938,1889900
2023-12-01,187.2708359301454,192.32628836676125,186.04437125264664,190.0029754638672,1012900
2023-12-04,188.62691389208246,190.0827291025501,187.7893290824899,189.09556579589844,686400
2023-12-05,188.60697448605453,190.37189735905736,186.62269719568536,188.88616943359375,896400
2023-12-06,190.59127169679084,192.6054769094656,189.63402098517807,191.2992401123047,1007300
2023-12-07,191.25931628714287,194.1908780617272,191.25931628714287,193.8219451904297,1266300
2023-12-08,194.44019466002882,199.0170140519687,194.16099970027983,198.67799377441406,1477600
2023-12-11,198.6779972657302,201.19076716261162,198.55834662801638,201.1807861328125,962700
2023-12-12,201.21068935802163,205.98694662261204,200.9215285921097,204.6807098388672,1050500
2023-12-13,204.73056327083125,210.95263939549633,204.73056327083125,209.6763153076172,1481100
2023-12-14,211.76033496027102,216.62633059219584,211.68056279409365,215.1804962158203,1496800
2023-12-15,214.8513997360699,216.33712751259145,212.3785239279175,214.40269470214844,1792700
2023-12-18,214.5423263089818,215.47963020879084,213.34577428975123,214.38278198242188,893500
2023-12-19,215.39985591681952,217.87273209412243,214.3827798637818,217.0850067138672,1537100
2023-12-20,215.98817469554828,218.54082322676896,212.12928923741276,212.288818359375,1441900
2023-12-21,213.505307147769,215.1106858263603,210.52390046965994,211.84010314941406,1014800
2023-12-22,213.00674465187254,213.54520296507914,210.3344455759089,213.425537109375,766900
2023-12-26,213.68479507891286,214.86140025636604,213.46542543311912,214.04376220703125,395000
2023-12-27,214.52236018859983,215.4098045047449,213.8941639685817,215.3300323486328,454100
2023-12-28,216.37703377093473,216.62631606790586,214.7317766969189,215.8485565185547,474200
2023-12-29,215.1602585695245,216.33735313282122,214.0130738859267,215.26998901367188,457100
2024-01-02,213.06540918181068,214.302369162702,207.75848326908394,208.7560272216797,1068800
2024-01-03,203.53884557154518,205.06510170400622,200.93525544876462,201.2445068359375,1354600
2024-01-04,200.4464869194484,202.34181436590717,199.24943720477378,199.57862854003906,1271700
2024-01-05,198.98007543299596,200.82553766679692,197.64337031061316,198.59103393554688,722000
2024-01-08,198.5910437857393,205.45415076967535,197.55358959354274,205.0651092529297,1071200
2024-01-09,203.11989231440072,203.90796055141072,200.86544848831448,203.59872436523438,597200
2024-01-10,203.26951711590849,203.82813924347755,199.64842802435072,203.13983154296875,696400
2024-01-11,203.42910750539963,203.58871817253802,200.16715011563343,201.9727020263672,743300
2024-01-12,203.1697575924058,203.1697575924058,201.06493942390287,201.96273803710938,525400
2024-01-16,200.45644537228486,201.76322545703258,199.80804792027348,200.8754119873047,589900
2024-01-17,198.57107641340548,200.52626905745012,198.4912710788209,199.6683807373047,400900
2024-01-18,200.77565031837383,203.00016879057378,199.56861559035042,201.41407775878906,455500
2024-01-19,202.50142291247124,202.93035950699166,198.9202437662968,201.9328155517578,617900
2024-01-22,202.73085056542615,204.00770559029883,201.7133667064671,202.96029663085938,668400
2024-01-23,203.95784713551004,203.95784713551004,186.81006382789272,195.07969665527344,3326300
2024-01-24,195.79792977006312,196.40643220234412,192.1469151763772,192.8052978515625,1200200
2024-01-25,195.20936911976895,198.1820456934058,193.02474553336128,197.50372314453125,1067500
2024-01-26,197.91270415609233,198.16209013170297,193.94248368633802,195.81787109375,870500
2024-01-29,195.51859472327436,197.14459607061912,194.42129039905802,196.57598876953125,1013800
2024-01-30,195.7280944930071,197.0847548001525,194.00233259392223,196.76553344726562,1297100
2024-01-31,196.97502309123746,197.22440906357852,193.04469773173253,193.57339477539062,1195100
2024-02-01,195.1595095036957,200.87543241891507,195.09965929850705,199.76815795898438,1134300
2024-02-02,198.24189390676906,205.58381757968786,196.97502412000435,203.9977264404297,1131700
2024-02-05,201.89291088866267,203.5687925688313,200.01752347119856,201.6934051513672,924100
2024-02-06,201.64352450085408,205.78332562122054,199.73821198774345,205.60377502441406,1010100
2024-02-07,207.0801218619334,210.42189981073727,205.69353653472962,208.38690185546875,1020300
2024-02-08,208.31709870998824,211.25985023071226,206.56142688987214,207.25970458984375,751500
2024-02-09,207.48913013718675,210.4817618218577,205.92297891597926,209.5939483642578,684200
2024-02-12,208.85575792943624,211.59900360790354,208.85575792943624,211.08029174804688,724100
2024-02-13,207.15991813266805,208.48665320690563,205.31447124424483,206.3319549560547,725100
2024-02-14,208.32705192083904,212.4269577126495,207.43923851197067,212.1177215576172,943500
2024-02-15,213.38461522903705,213.96319250655063,210.23237291209207,213.53424072265625,684500
2024-02-16,213.5142743772507,213.59407971009642,210.49171779428224,210.92066955566406,712500
2024-02-20,207.96792448211298,208.8457678856202,206.10252247097029,208.6861572265625,968800
2024-02-21,207.35943959497604,211.549136030246,206.07261469875675,210.7012176513672,1115600
2024-02-22,221.6542530397975,235.41039203807603,220.5270387756408,232.35789489746094,2317000
2024-02-23,234.93156010112415,236.72714217831694,230.15333148309227,233.81431579589844,1515100
2024-02-26,233.80433374214647,238.41298148411605,232.64717921655654,235.0612335205078,1315700
2024-02-27,238.432915267122,240.47788303216288,235.60986458212375,238.9815673828125,1200100
2024-02-28,239.32076981785238,239.32076981785238,235.92911129587682,238.04391479492188,723000
2024-02-29,239.2209875858815,241.55523653545154,236.2682663218043,240.91680908203125,1712700
2024-03-01,239.3307362791217,241.94429648764856,238.39304255570184,240.29835510253906,845900
2024-03-04,241.6749455977099,244.8072325844914,239.96913896767902,242.7423095703125,806300
2024-03-05,241.2160793195132,243.35082257963032,238.5526390291786,239.12124633789062,1122900
2024-03-06,240.37813726072483,242.9817272585978,239.9791258183648,241.2061004638672,688000
2024-03-07,242.90193164947055,244.8172140478289,241.89441782332761,243.7199249267578,851800
2024-03-08,242.91190494330502,244.57780139774786,239.9192733007896,241.46546936035156,802000
2024-03-11,240.18862953982554,241.545289912073,235.98897806089823,238.5526580810547,843100
2024-03-12,239.02149475775673,241.91436598249857,237.23589787211768,241.1761932373047,777200
2024-03-13,240.90684690121273,242.43308781915525,239.91927298082751,241.2360382080078,484600
2024-03-14,243.7398726484483,244.82719184533224,239.23098518394474,241.76473999023438,714800
2024-03-15,239.48036777068518,243.3907379732054,239.48036777068518,242.15377807617188,1007800
2024-03-18,244.39823067889688,246.35342322170465,242.08392175970855,243.21115112304688,527600
2024-03-19,242.7622941499549,246.09408726059434,242.01413619402203,245.78485107421875,583400
2024-03-20,245.39579743915795,249.76504455706518,245.06660612823092,248.8971710205078,822400
2024-03-21,251.6304759140926,255.82017292301342,250.5232014568173,255.67051696777344,973900
2024-03-22,255.95979548321796,256.8875040396357,254.5831951988138,255.29144287109375,910500
2024-03-25,254.8724584582532,255.87998750730088,252.52822427823392,254.912353515625,693100
2024-03-26,256.4087286154015,259.95998296308187,255.3812594717068,258.54345703125,1093200
2024-03-27,261.2966536226054,261.3664890023753,257.7653396653551,259.1120300292969,626400
2024-03-28,259.0521500296071,260.6980911994696,258.423692569222,259.161865234375,745700
2024-04-01,259.2217625284783,259.7305196969711,256.3987264761898,258.6232604980469,810000
2024-04-02,256.29892575708146,256.29892575708146,252.06934971197512,255.47097778320312,916900
2024-04-03,254.65299040657047,262.4637452835892,254.65299040657047,261.6457824707031,862200
2024-04-04,264.2992861188866,265.1671444989794,256.2490990024634,257.6556396484375,969100
2024-04-05,258.85264867902043,264.3491251357464,258.85264867902043,262.5535583496094,652100
2024-04-08,263.39181173149296,263.83088365742026,260.17862015704674,261.70538330078125,534600
2024-04-09,262.6334065602821,262.96269527485845,253.11357328574564,255.85775756835938,1026800
2024-04-10,250.11991694941332,256.4964179352174,248.7827544482878,253.76220703125,749900
2024-04-11,253.65243612438468,257.68390077500163,251.41716784154164,257.4543762207031,617500
2024-04-12,255.4486209068649,257.3246346045513,252.40506820318691,254.1513671875,632500
2024-04-15,258.1628563716505,259.1607415129226,247.7449482870458,248.36363220214844,794700
2024-04-16,247.2260328136669,249.55110691715927,244.78121737100494,248.16404724121094,756300
2024-04-17,248.5432425230548,249.73071297004262,242.50603478410417,245.4398193359375,911900
2024-04-18,246.39778337765506,251.07786686286394,243.95296796454357,245.160400390625,1114500
2024-04-19,246.13833225176057,247.68505713816506,242.09689471841904,242.74551391601562,1134700
2024-04-22,245.50967189171126,247.96447595694528,243.08481838811275,245.04066467285156,739800
2024-04-23,247.59525808953592,252.00590861723086,245.77911503767046,251.4171600341797,816900
2024-04-24,253.3131429362387,258.8613817482199,251.0978367592939,252.64454650878906,1027700
2024-04-25,250.74857973304532,255.71805875223905,247.216072995245,254.6503143310547,604200
2024-04-26,255.787883587802,262.35398483834064,254.66028373781862,261.10662841796875,1179900
2024-04-29,263.41174443562636,265.14805485278794,260.7773130204478,261.7851867675781,884700
2024-04-30,260.3482312052819,264.3298136872482,257.0951463035947,258.01318359375,1066500
2024-05-01,257.45434844180477,260.1885437926882,252.37511708233654,255.46856689453125,1184200
2024-05-02,244.4818572998047,257.2647634023801,244.4818572998047,254.46070861816406,1442600
2024-05-03,256.9154873412579,257.3246238834725,250.75853814884005,255.78787231445312,970800
2024-05-06,259.3103966145519,269.8480908462678,258.92123727741995,268.9300231933594,1382100
2024-05-07,270.04766283125394,271.38482522050424,266.2457230091595,266.3155822753906,1116600
2024-05-08,265.2777833065061,266.42534513270937,263.32193694905294,264.41961669921875,977800
2024-05-09,265.86652180349404,271.3349431540623,264.4295648128781,269.5986328125,1013300
2024-05-10,271.9636702965949,272.2929590488082,267.2436618279191,270.9059143066406,949800
2024-05-13,271.42473392115767,272.4226189723384,264.5892152299627,264.8686218261719,743400
2024-05-14,265.6170832080621,267.5529829904718,259.59983648938817,262.80303955078125,1041800
2024-05-15,264.9484835460504,270.9657295013706,264.9384949500448,270.2173156738281,803200
2024-05-16,269.14957044392906,270.5865274244593,263.18220658164296,263.2620544433594,701800
2024-05-17,266.27566244777313,266.27566244777313,262.1743692115367,263.8408203125,795500
2024-05-20,263.84078774494753,268.00198159168866,263.84078774494753,267.0939025878906,657200
2024-05-21,265.7168536034541,272.10331240265464,265.7168536034541,271.4746398925781,751200
2024-05-22,272.3827241392835,273.55026317321654,267.8822827857864,270.52667236328125,588400
2024-05-23,275.2067464232727,280.48553679438487,272.5423797472278,275.9651184082031,2084200
2024-05-24,277.4120576253893,285.36520308550485,277.4120576253893,282.83056640625,1165800
2024-05-28,286.26330455701293,286.26330455701293,278.1504935156636,279.0486145019531,1251300
2024-05-29,275.6657167502825,281.2039660277632,275.6657167502825,277.382080078125,877200
2024-05-30,277.54180777558304,280.77494598806237,276.4241812553699,279.1683654785156,632100
2024-05-31,280.5054744371077,283.7186652961957,269.03975528969534,275.35638427734375,1867900
2024-06-03,277.6815321679922,278.80914743232194,264.4595519096571,271.3948669433594,1046600
2024-06-04,270.41689393003264,271.3948323649946,264.8387194540483,269.4489440917969,1258800
2024-06-05,269.87804454557573,275.88530204184065,269.54872540024894,275.346435546875,772500
2024-06-06,275.0870235535567,277.83120782433014,265.98628504592983,266.7147521972656,809200
2024-06-07,266.41537972470655,270.5066843454315,264.8586813771151,268.75042724609375,502400
2024-06-10,268.43112469245875,271.72413374352936,266.43535424864865,270.9956970214844,594500
2024-06-11,269.6585437818533,271.42478972246715,266.4453520383407,270.9857177734375,667600
2024-06-12,274.94730579174797,281.0044762171976,274.4583517925372,276.20465087890625,683100
2024-06-13,275.65575807703993,277.412045520269,272.432608836657,276.11480712890625,481700
2024-06-14,273.05131342318083,274.0392099584602,268.5408531385537,272.7120361328125,762000
2024-06-17,272.3228160671995,278.23030878926886,271.54446696914977,275.9950256347656,642700
2024-06-18,275.99503117564456,282.0821360149223,275.7754952485547,280.60528564453125,740000
2024-06-20,280.6053463691356,282.37159231042415,271.4846605053117,273.390625,948200
2024-06-21,272.51248349818013,273.9294939745136,265.547233381968,273.4205627441406,1388300
2024-06-24,273.0712644924536,276.48404509586146,270.4268749424798,273.6500549316406,826900
2024-06-25,272.7818289921707,273.0313002421795,268.1815937594644,272.3926696777344,689900
2024-06-26,270.35698979463757,270.60646105760526,264.2399495541837,266.0062255859375,948100
2024-06-27,266.9143339073168,267.37335255466354,264.2998492041615,266.4952087402344,652500
2024-06-28,265.8266328634363,267.06400067252054,251.03796801348813,253.55262756347656,2163600
2024-07-01,255.5091727609389,255.82860120985046,245.7164387634527,247.1738739013672,1352000
2024-07-02,247.17388340332602,249.26019861620824,244.73817855509958,247.3435821533203,1011500
2024-07-03,248.5913839030851,254.64070802838953,247.59314519641666,254.15158081054688,601400
2024-07-05,253.18328901119872,254.34123433909153,248.24199520883172,252.08522033691406,637900
2024-07-08,253.76226718801047,256.53735432965635,252.20500201777267,254.2114715576172,553400
2024-07-09,254.21147162618522,256.5273927272298,253.55263042689697,254.3412322998047,648300
2024-07-10,254.3411949049869,257.874952690127,251.47625512433706,257.415771484375,562200
2024-07-11,260.09110067658554,264.7928272414414,260.09110067658554,263.6748046875,838400
2024-07-12,267.1187257738394,270.90205948229817,264.53329085099324,268.3365783691406,751300
2024-07-15,266.310132473215,266.4299162489874,256.41758280629,256.78692626953125,1263500
2024-07-16,259.1227685537766,261.45867374156137,252.83387740956434,258.91314697265625,1317000
2024-07-17,256.32774929931367,258.8133540800162,243.7798959222632,244.50860595703125,1764600
2024-07-18,262.4569186510987,265.16213685642987,254.55085515742016,264.2437438964844,2218200
2024-07-19,266.36000643541126,266.36000643541126,256.7968935416183,258.1045837402344,1122200
2024-07-22,261.4786382280217,267.33829431468854,260.4504536220934,267.23846435546875,796900
2024-07-23,267.0288558792729,269.724112591436,262.38705195395016,263.99420166015625,958300
2024-07-24,260.65012019826094,261.7481889784117,250.29840387877272,251.476318359375,841900
2024-07-25,253.05353810606786,253.99188502372544,245.74642271215905,248.37179565429688,1074700
2024-07-26,253.90198881995656,258.69352181661895,253.3030395794178,256.2778015136719,642300
2024-07-29,257.1462968230185,261.16919759065684,253.7123532364089,255.7687225341797,722800
2024-07-30,256.5473431816806,260.77986547640893,249.37000456762394,251.1568603515625,941900
2024-07-31,259.44223847747907,270.3130728129676,257.595490743871,264.91259765625,1427000
2024-08-01,260.5502839462485,265.63131510024,249.40993677866365,254.4310760498047,1718100
2024-08-02,247.24373896590018,247.98244104275582,239.61719636798213,240.4956512451172,1787600
2024-08-05,229.59490647638717,242.1427745460024,226.70999717385175,239.1580352783203,1641900
2024-08-06,242.59198427415666,251.80572363314087,239.58727590081264,247.59315490722656,1035300
2024-08-07,254.51094559713133,256.8667895378811,247.61311252601445,248.06231689453125,1349500
2024-08-08,253.04351328416737,262.806270537953,248.9307598117925,262.33709716796875,1195400
2024-08-09,262.3870107140114,264.5332175180917,255.9683441059277,259.1626892089844,802300
2024-08-12,260.380610120367,262.09758210910417,257.09639587310767,259.58203125,652000
2024-08-13,262.2672995337434,263.76465778308744,255.92847685208758,261.53857421875,699400
2024-08-14,262.5767460667716,263.90439028481217,259.7816591103126,263.0059814453125,776400
2024-08-15,266.43989397506994,270.19328122003276,264.73291433497343,267.46807861328125,584600
2024-08-16,267.44814590607876,269.51447701707633,263.16569303299366,265.4217224121094,544100
2024-08-19,265.4716083207495,267.85738302653147,262.4369540742262,267.6278076171875,514300
2024-08-20,267.587852188241,269.055264233845,263.7646115327294,266.38995361328125,456500
2024-08-21,266.1604171617761,272.0600121485669,264.8027965472612,268.8855895996094,900500
2024-08-22,269.18504790387044,270.52268408835283,265.4117068868,267.32830810546875,534300
2024-08-23,269.06529212481774,273.9267101604045,266.4598730403864,272.68890380859375,504100
2024-08-26,272.7986444726142,275.8233062240709,269.89376647942123,270.53265380859375,391800
2024-08-27,269.3846697332998,271.56085316112063,265.5314831345108,269.8837890625,448600
2024-08-28,269.8838178740762,270.9918787443819,266.4898121659513,267.02886962890625,649900
2024-08-29,268.5262240639981,275.83333903386153,266.00068124209804,270.5726013183594,593400
2024-08-30,271.4310864523219,275.18447368342635,269.983628163098,274.6454162597656,682700
2024-09-03,270.41287034285125,272.10985769313027,255.30950014241984,257.1462707519531,1250000
2024-09-04,255.45929409838894,257.21620412886386,253.2032646696046,255.21971130371094,684200
2024-09-05,254.47101662517466,254.68065346167143,249.70941359191593,250.94723510742188,808000
2024-09-06,251.6759524255503,254.41113212370465,246.64483575463228,247.4833526611328,594400
2024-09-09,251.0470878304264,252.07527260263757,247.6231207367021,249.61959838867188,682800
2024-09-10,249.9689351571646,250.96717377184254,246.47510000579177,249.589599609375,682600
2024-09-11,251.51620176816698,263.7446092603383,250.0587667251329,262.6265869140625,867600
2024-09-12,264.46331980029464,269.89373970423,262.9060701697066,268.02703857421875,674000
2024-09-13,269.97370862451857,272.2197460324968,267.6877331327477,269.0653076171875,476600
2024-09-16,270.1733204389036,272.2696279752924,266.9290443952017,271.061767578125,401400
2024-09-17,273.59719134989587,275.284216831493,269.9137193563902,273.4375,365900
2024-09-18,273.56729575485025,278.9777627587766,271.48098058695393,271.580810546875,632400
2024-09-19,280.98425680216087,291.19621980813065,277.0412015192547,289.2197265625,1043500
2024-09-20,286.46454612384144,293.2825026877098,281.10400945663326,290.3776550292969,1349700
2024-09-23,292.89321849227434,297.66479822501475,290.6471814336111,295.6084289550781,858900
2024-09-24,295.52857633141036,297.9642813727435,293.94138033923366,297.7147216796875,686700
2024-09-25,298.49330649265414,301.70763612475815,296.3071614388783,297.41522216796875,997200
2024-09-26,300.8691754149562,305.9601995093462,294.33072330428575,295.8380432128906,754300
2024-09-27,297.47516736640927,300.76934327587395,294.6801108652774,296.2173767089844,818700
2024-09-30,296.21735763317054,298.77284640216004,294.48043195245253,297.6248779296875,677200
2024-10-01,297.5649326056807,298.26392282450087,292.18278715062723,295.6177673339844,603600
2024-10-02,294.6093057730911,299.16264659520454,292.9816803900101,298.65338134765625,545100
2024-10-03,298.5235660537316,300.1312316022877,294.7490853622441,297.9643859863281,785500
2024-10-04,304.5547315472318,306.0125915657976,300.5605711334976,305.273681640625,619600
2024-10-07,300.9100851122156,307.859916134978,300.9100851122156,307.06109619140625,812600
2024-10-08,309.1580211530673,312.0637768337323,307.80002108853836,308.21942138671875,788100
2024-10-09,308.6487647262559,310.88548489832596,304.8842488791598,307.1609191894531,582100
2024-10-10,304.73445397699413,307.5503443131273,301.429288753549,306.54180908203125,594600
2024-10-11,305.9027970198134,309.60737263730016,303.00703652821676,308.96832275390625,375100
2024-10-14,309.97681611955267,313.10225171180934,308.96831127452185,310.5260314941406,387400
2024-10-15,310.60589423847466,311.88402440174895,303.6261083948858,305.0939636230469,618500
2024-10-16,306.9112999932238,313.3019816255826,305.92275495062466,311.76422119140625,491200
2024-10-17,315.73839159420226,315.81826139401664,311.1950158584808,312.682861328125,625000
2024-10-18,313.6414529912304,314.2505478280652,310.176517608886,313.8111877441406,449200
2024-10-21,314.1107745504232,317.4458949123879,313.3019594867175,317.1763000488281,515300
2024-10-22,314.40031695822677,315.43880718046825,310.2164620316417,312.5130920410156,497400
2024-10-23,312.7028078820685,314.53012277810285,304.84430250978596,306.1823425292969,940200
2024-10-24,308.3791123474963,310.5160026961975,306.4818923340945,309.4176025390625,562700
2024-10-25,310.4860684630359,310.67579352435774,305.9327279373645,307.7201232910156,671400
2024-10-28,310.2663664443066,314.8396664782855,309.44755628743366,312.9024963378906,767700
2024-10-29,311.5444767203539,313.5715116800943,309.317721573507,312.9723815917969,578300
2024-10-30,310.8854636735743,315.41884415206005,310.5060135689267,311.175048828125,923000
2024-10-31,298.7033115554039,306.8713625720036,292.8318906673552,301.1896667480469,1423200
2024-11-01,305.07392456049877,309.1180297744628,301.2495298346833,303.056884765625,913100
2024-11-04,304.31509250642995,308.22935265770514,301.1197519774894,303.875732421875,713400
2024-11-05,307.19088479416433,315.5087102512396,306.1423994264999,314.1606750488281,839100
2024-11-06,309.5474312588672,311.7342365175381,297.64481984878216,310.3662414550781,2547000
2024-11-07,311.6942653678537,320.52135560738475,310.9054102089284,320.39154052734375,1075200
2024-11-08,319.512884643029,332.7535061643252,318.7240294007826,330.496826171875,1305500
2024-11-11,334.51095555961604,334.51095555961604,326.6324590240095,329.2087097167969,1055400
2024-11-12,328.6694967570867,330.83634237299117,322.17898553564964,326.792236328125,606500
2024-11-13,328.5496874099202,333.3227084432127,324.6353963388841,326.40283203125,941800
2024-11-14,326.6024607366858,327.9005810640008,322.3886205765544,323.39715576171875,779400
2024-11-15,319.902331137277,324.81516251583105,319.5328761249423,322.8580017089844,902000
2024-11-18,322.8380417219039,331.5652736455713,321.2403712474285,327.93060302734375,911500
2024-11-19,324.3457982394224,332.32412377990187,322.5683981042147,330.2970886230469,823500
2024-11-20,331.794917910047,332.533827865418,327.1317220283017,331.8548278808594,750500
2024-11-21,335.42961585836974,341.78031649561655,334.2113956736554,339.5136413574219,988400
2024-11-22,340.2625272533215,343.198237524993,337.44663691551006,341.42083740234375,853400
2024-11-25,342.8088178903241,343.9471682931312,336.55794677385006,342.4194030761719,1231500
2024-11-26,345.6546340722572,349.67874933292495,341.1612037600613,346.093994140625,851400
2024-11-27,347.43202639902955,348.5204313935218,340.2525210230922,343.4378662109375,534400
2024-11-29,346.7629833585548,347.99119855905155,343.48777329691995,344.0169982910156,370800
2024-12-02,344.496315523582,346.6931158117825,341.2710202079567,341.8302001953125,650800
2024-12-03,341.6505039569549,342.9785794125224,338.0357935136661,339.2440185546875,785600
2024-12-04,338.7547484211411,338.7547484211411,329.5282471175022,333.17291259765625,1179300
2024-12-05,332.9931725110167,338.59496799624515,329.64805699107427,334.4809875488281,1172700
2024-12-06,336.31827939874216,336.6278243833916,330.027489130868,331.984619140625,1081100
2024-12-09,333.44245285643024,335.10003290310135,320.52134289725393,321.5099182128906,1032400
2024-12-10,322.1689733136526,324.30583315448087,316.5671478401331,319.4329528808594,923700
2024-12-11,326.23302314082747,333.80197406168986,322.6582630391476,333.76202392578125,1268100
2024-12-12,331.60518880146356,336.32829459643136,331.60518880146356,335.6093444824219,977000
2024-12-13,336.3382518293919,340.50217749605264,334.30125194565386,337.1071472167969,1121200
2024-12-16,337.1071292983001,342.9385995737338,336.08859893754396,341.9999694824219,1133500
2024-12-17,339.50360744758456,341.17118269229553,332.48387231251576,335.9388122558594,1136200
2024-12-18,338.65486302113334,338.65486302113334,319.16337157320265,320.15191650390625,1318700
2024-12-19,324.4256742788144,328.2001546598058,318.7439786389879,322.1190490722656,1022400
2024-12-20,319.1134756660426,330.43694877463344,318.85387592597397,327.93060302734375,2080900
2024-12-23,326.8621189545825,327.9505240277221,323.06767869092096,326.9020690917969,595300
2024-12-24,329.32851675803846,330.3270568847656,326.8022114563398,330.3270568847656,1196900
2024-12-26,329.6880043320548,330.8862341904347,326.2330335814788,330.1373291015625,294500
2024-12-27,327.6709082909091,328.9091186631459,319.9222582960283,322.6682434082031,582000
2024-12-30,318.65409250368697,321.92930261406013,313.3618424839761,318.5143127441406,1084600
2024-12-31,318.45442826915456,319.58275300667077,315.259087698045,315.5885925292969,691900
2025-01-02,318.17569181937046,320.19337055564114,311.7130903902031,315.13916015625,1054500
2025-01-03,317.8360247496514,326.83569752594553,316.7372769378057,326.146484375,693200
2025-01-06,330.24182278022334,332.4492863856687,327.40507490905566,327.68475341796875,863500
2025-01-07,328.1941729905742,330.84113569532457,316.0181140660519,319.4441833496094,911900
2025-01-08,317.2067480405795,319.19446198182123,307.2081884399349,311.8428955078125,1165800
2025-01-10,308.9562160959759,314.2801368382825,307.04839705089967,313.1214599609375,825600
2025-01-13,308.3469317125381,315.09917912799256,306.9485085984201,313.87060546875,798100
2025-01-14,317.76611230588986,323.58943025587956,315.5686165798538,319.52410888671875,1087800
2025-01-15,327.35514352493266,331.41049713598716,325.89679156940065,329.043212890625,1438100
2025-01-16,331.3604982793879,337.493489095212,329.17300107802623,335.805419921875,1469600
2025-01-17,339.4412587147014,342.2780368940716,336.1450457421883,337.073974609375,1358000
2025-01-21,344.6053552893953,358.3096622320948,341.75860930134036,357.5904846191406,1892500
2025-01-22,362.68468430402083,365.4615032593678,354.833658894478,356.9212646484375,1417400
2025-01-23,355.0933804340645,359.2586242160888,352.22666800652195,354.34423828125,1061500
2025-01-24,357.6604156605227,361.5859128683634,352.2865648959149,357.6204528808594,1150100
2025-01-27,314.5797506443244,324.62824082954216,291.576095290387,292.0954895019531,4484000
2025-01-28,311.06379124092643,311.06379124092643,290.0977802210747,293.64373779296875,3450900
2025-01-29,294.6625957773426,304.97079966410695,293.25420479723175,297.4593811035156,1944300
2025-01-30,302.60347411121836,311.45332471338673,298.6579802394025,308.93621826171875,1482200
2025-01-31,315.009250952572,316.60742684752586,302.6234411113519,307.25811767578125,1162700
2025-02-03,297.968767221321,306.47901040431844,296.6303036761831,301.4747619628906,1082100
2025-02-04,304.151690048928,307.2881129129696,299.0075871019415,299.6368713378906,1096100
2025-02-05,302.98304273690326,307.47789571112855,297.46936739561573,298.4082946777344,1583300
2025-02-06,299.39712675128277,311.2435763080096,297.65912683895937,310.7241516113281,1490900
2025-02-07,314.35001899459354,320.0435113977588,310.7641289763304,311.8828430175781,897000
2025-02-10,313.4610268309994,314.3200284404216,308.8862488487826,310.31463623046875,661600
2025-02-11,307.3480519434247,308.01726849884477,299.7467407316942,302.44366455078125,1060900
2025-02-12,294.00328265769775,299.26724300582146,293.24414231413004,297.98870849609375,1305000
2025-02-13,300.0464110076798,301.4647696584601,286.24221181489133,290.52728271484375,1873300
2025-02-14,291.86578375588266,294.07324734651786,282.3966163330606,285.1235046386719,2091800
2025-02-18,285.4830542397849,287.6305887186634,281.21794974516877,287.2610168457031,2165200
2025-02-19,285.8826183389606,293.4140024606736,284.7838704459778,291.7359313964844,1728600
2025-02-20,307.2281728355894,309.056096729586,275.51448887248097,280.8384094238281,3996700
2025-02-21,290.5672170869477,290.65711047298265,267.5535652993175,269.0518493652344,3467700
2025-02-24,269.3815253748059,270.78991624522985,258.3441767890361,259.0633239746094,2896300
2025-02-25,259.17319990316923,269.1018322216055,253.15009869035018,264.08758544921875,3227000
2025-02-26,270.0907106606939,275.68431148296975,267.6934618747677,268.5025329589844,1660300
2025-02-27,268.30275162552465,270.70999874675596,257.3153333282562,258.9634704589844,2067300
2025-02-28,258.863513775279,262.20968733165586,254.71825240410573,259.3329772949219,3038900
2025-03-03,261.3607047473023,264.1974525649373,248.38555782821538,250.6230010986328,1986900
2025-03-04,244.3901339218751,256.0168189710263,241.16383280474633,249.34446716308594,2389500
2025-03-05,250.00369489661225,254.71829706507887,246.53767813610136,252.87042236328125,1341500
2025-03-06,243.23145826792148,246.178096135815,238.24717577919742,240.60447692871094,2241400
2025-03-07,241.29369473159517,247.7163326535041,237.53798574013553,245.7386016845703,2057600
2025-03-10,236.67895521693814,240.97403959265978,231.04540729476727,236.43923950195312,2602200
2025-03-11,236.19950377273364,249.66407976658928,236.03968313841654,245.74856567382812,2447500
2025-03-12,252.70061314072808,259.11326754773654,244.71974732279008,248.8150634765625,1750600
2025-03-13,248.31563857972836,252.50083293752428,241.96291301998198,250.00369262695312,1817400
2025-03-14,255.37753795645614,261.6303716726762,251.63182757121223,260.51165771484375,2080100
2025-03-17,258.0145178801708,270.2605034741522,257.8247327817277,267.0941162109375,1736100
2025-03-18,263.3684197946933,266.5547429334006,261.2008884931018,263.0587463378906,1220500
2025-03-19,264.89666452527604,272.82758483537435,262.1098473174025,270.0906982421875,1301100
2025-03-20,266.19517245920906,273.79645337129625,264.6469575704324,270.7899169921875,1174900
2025-03-21,268.29274767572673,269.83099456542317,264.69685971141536,267.9131774902344,1606100
2025-03-24,274.4257258425144,279.43000485277736,273.5167630982096,278.08154296875,1346600
2025-03-25,277.69201763544686,278.58098378875275,273.5767350321172,275.93402099609375,1262500
2025-03-26,274.9950914640532,275.534482334414,258.78364474861746,260.3418884277344,1521000
2025-03-27,257.165490602295,258.30420122176764,250.39324726263396,254.5884552001953,1581100
2025-03-28,255.22771898647605,255.956879683464,250.56306275447318,253.99911499023438,1150100
2025-03-31,248.5154159264501,254.5884632148129,244.42009956946353,253.88925170898438,1626800
2025-04-01,252.5607693886315,257.83472834406183,249.67407588749128,257.60498046875,979800
2025-04-02,251.811620480937,264.46710977419065,250.6029979341902,264.2873229980469,867300
2025-04-03,248.49946905512184,256.57326516059095,248.49946905512184,251.84689331054688,1703900
2025-04-04,242.93369598545578,245.76152922941557,232.1719598495492,239.2864990234375,2086900
2025-04-07,232.03209311416876,252.4564196809972,226.90601871500803,245.0121307373047,2396200
2025-04-08,253.20583666296872,259.80078578559596,240.62548688750041,244.86224365234375,1702200
2025-04-09,243.03364067745594,271.4518517600992,241.4348605339977,269.3934326171875,1952900
2025-04-10,262.1289761591816,269.92301770388804,254.8046061908279,262.49871826171875,1535200
2025-04-11,262.4687571940996,270.71243609217476,258.86150729808134,269.36346435546875,1098300
2025-04-14,275.0790447814204,277.4872015786715,269.46335645083605,274.08978271484375,1103000
2025-04-15,274.87918920367684,276.71777551444865,270.7923271142809,272.8207702636719,805800
2025-04-16,268.35425848466923,273.5203112563697,265.086774551864,269.24359130859375,1049600
2025-04-17,270.8423108475927,271.2919782578531,264.40724269910464,267.0152587890625,971300
2025-04-21,262.478722947171,263.1581946013856,250.847642316406,253.5755615234375,1046300
2025-04-22,256.8030933879825,263.5678954148837,254.78463678944203,261.6493835449219,979300
2025-04-23,277.0675177748688,284.3319357607904,273.55022614580633,274.09979248046875,1555800
2025-04-24,274.0199001650907,284.002236222431,271.7915977789191,281.9038391113281,1606100
2025-04-25,284.2820221363431,289.7778081530386,282.5433650455676,287.1198425292969,1205500
2025-04-28,285.3511900958218,292.68556218181646,284.9614742950301,290.3973083496094,1058500
2025-04-29,289.48800775123584,293.49494493791474,286.84004435241343,292.1559753417969,1047900
2025-04-30,284.2920040024575,294.02453097040456,280.95456693638727,292.4657287597656,1639700
2025-05-01,319.9646661483865,330.3467206032068,312.0607226471907,321.683349609375,3300800
2025-05-02,324.9808448316861,329.49737097832997,319.4350785171849,320.89398193359375,2062600
2025-05-05,318.036131714358,323.6318470768364,314.75864607970857,322.372802734375,1035600
2025-05-06,318.86548904694405,322.0730515587684,316.1376002398998,317.4066162109375,988100
2025-05-07,319.4450656933213,324.750994893429,315.20832401039297,323.3420715332031,1204000
2025-05-08,328.0784234249643,330.49658266264817,324.0914902811449,326.0000305175781,1169200
2025-05-09,325.7901987963485,327.3090232042561,321.0937877083117,325.64031982421875,999700
2025-05-12,335.6426367477513,337.1614916826938,332.03541726565567,332.5350341796875,1585000
2025-05-13,334.9231839667845,346.21454441237114,334.183760699236,343.3167419433594,1654800
2025-05-14,345.64498010834166,348.15306679657357,341.6880226534289,342.8870849609375,1651300
2025-05-15,339.819405564153,341.9977583485972,336.3720673695896,340.10919189453125,1393200
2025-05-16,342.64728386773555,345.09538850875384,337.8809493713407,344.5258483886719,1070400
2025-05-19,337.7410118067821,345.0454081728903,336.8117317260388,344.44586181640625,730300
2025-05-20,343.2667817137787,346.2345072816751,343.07692485466583,344.6956787109375,690600
2025-05-21,341.3582522267984,348.6326732063477,340.4689499852375,340.96856689453125,1005000
2025-05-22,336.2421766820529,336.94165254593463,320.31438732925744,330.5765075683594,1877300
2025-05-23,328.9477740659188,336.53195483122033,326.63954646318336,335.10302734375,932400
2025-05-27,339.56958846076526,343.1768381192948,337.09150830174696,342.0876770019531,1198000
2025-05-28,342.6572484488838,343.2567642991221,338.31057556949344,340.0592346191406,666500
2025-05-29,343.2568086257753,343.7364518620987,336.31215151403353,339.4797058105469,572700
2025-05-30,338.82020159891937,342.47740116172633,336.5619538262528,342.29754638671875,1655400
2025-06-02,342.22754920478155,345.7848188313152,337.22140897144925,345.2652282714844,766100
2025-06-03,347.30370923302473,357.665759159755,346.7341386319386,356.21685791015625,1133800
2025-06-04,358.12539140047164,361.2829738993338,356.00702060237074,358.8348388671875,1105800
2025-06-05,360.6334718984201,361.7526088675321,356.1968714178724,359.3044738769531,877100
2025-06-06,363.301391853874,363.46127291249354,358.3652052046424,361.0731201171875,700600
2025-06-09,361.8225805945155,363.3214313587892,355.05774796214075,355.38751220703125,902600
2025-06-10,356.20688418453483,356.836375877871,341.6680137640371,348.4927978515625,1489900
2025-06-11,350.22146019875174,355.9171053067968,345.10538779693275,355.5074157714844,857200
2025-06-12,355.3175302293339,360.5235295977055,353.9785606458274,358.37518310546875,860100
2025-06-13,352.39982101513624,358.06545995981895,348.792570901121,357.98553466796875,796200
2025-06-16,361.2629860689001,366.7187939196296,360.653437611671,361.52276611328125,840600
2025-06-17,356.5266324004321,361.3629511631704,353.4190297038462,358.3452453613281,876400
2025-06-18,360.09385700905125,365.62962045171884,357.9954600620147,360.15380859375,855000
2025-06-20,363.39137088716853,365.5796648630821,358.6450103185729,360.5035705566406,1563400
2025-06-23,360.7234041683326,366.4589964598471,358.1054164742155,365.4797668457031,923200
2025-06-24,368.78723414751386,373.01397369993146,366.3390990849837,371.97479248046875,938600
2025-06-25,373.7134630593482,375.2422896430049,371.185402617244,373.7834167480469,1102400
2025-06-26,377.80031269829357,380.827989963975,376.591248310136,379.17926025390625,1210200
2025-06-27,379.70885113800165,382.4967220307845,373.51358926386104,380.9678955078125,3687800
2025-06-30,374.85256402951313,381.25762553925273,368.41749623281385,377.790283203125,1354400
2025-07-01,374.40201350741296,377.5904150900295,364.25711324557085,372.1031799316406,1428800
2025-07-02,365.926240665533,373.77230697782596,365.38653364443616,373.22259521484375,1164200
2025-07-03,375.83128369528896,387.1755938076924,374.7718180955873,386.3160400390625,869600
2025-07-07,385.8362798387445,387.8052924664611,380.20910022491273,385.60638427734375,839700
2025-07-08,382.17809751162577,382.8077862178814,369.44450101538945,377.3705139160156,1154600
2025-07-09,381.8082877603522,383.0876441536995,377.77030675230554,381.92822265625,631900
2025-07-10,380.2490613941303,382.697843951562,371.29356691660723,379.89923095703125,972100
2025-07-11,379.109639609415,385.2665519307769,377.82030894558886,383.58740234375,906700
2025-07-14,382.77777958692843,389.014637823722,381.3284951750627,386.8057556152344,712800
2025-07-15,389.06464438232877,389.9042191351544,383.6973444075346,386.34600830078125,606100
2025-07-16,386.47596098192645,389.23455511940136,381.1086303236842,388.9247131347656,837500
2025-07-17,387.57536625795024,398.40992197377346,386.6558450895849,397.7002868652344,1000100
2025-07-18,398.7297679241632,405.2265055450255,398.1100839853043,403.1075744628906,1060100
2025-07-21,403.52739328822844,404.8367334057536,396.80075985446547,398.4599304199219,1003400
2025-07-22,398.2800483873162,398.3699995638408,380.40901593009124,394.7318115234375,1120800
2025-07-23,397.80026010490377,405.7962452326405,397.75029739876044,404.90667724609375,1575200
2025-07-24,407.9351766899347,410.58384060327523,406.5258806827017,407.015625,1076500
2025-07-25,412.3929239060641,424.7267268520003,412.3929239060641,421.4683532714844,1370800
2025-07-28,418.77972070251434,418.77972070251434,408.92468357060466,411.7832336425781,2101400
2025-07-29,416.2010460666302,416.2010460666302,408.1250835886538,410.78375244140625,1094800
2025-07-30,412.5828666654764,414.29200003088056,409.2545206092921,410.9036865234375,1837000
2025-07-31,405.88618951292244,423.2874555119496,398.8697236632908,405.9261779785156,2435900
2025-08-01,392.40299255547365,399.1196215620587,384.37702336997626,394.9717102050781,2094000
2025-08-04,400.13908358641675,401.85822161538044,391.02366538717195,393.4224548339844,1444000
2025-08-05,397.8002615389104,399.88920900079046,384.80678565949876,388.9247131347656,1149400
2025-08-06,388.00517234140347,391.7032969883204,384.3969683604255,387.3055114746094,930300
2025-08-07,389.62437074719384,392.193088277594,383.56741448242,387.1556091308594,874500
2025-08-08,389.8042812807947,390.80377943792496,384.1971112603803,385.9562072753906,655300
2025-08-11,385.8762491242866,387.74530574099253,380.24906979018544,383.9272155761719,926900
2025-08-12,384.21706414192175,391.59336492081525,382.31802387283324,391.37347412109375,858700
2025-08-13,393.5324270034594,398.6498527736342,368.874793631536,379.7693176269531,1728000
2025-08-14,379.7692780929091,382.30801173105016,375.01168802179313,377.3205261230469,919700
2025-08-15,377.65035541352523,384.2270699400212,371.45348554460475,380.6188659667969,1436400
2025-08-18,379.5594089229601,383.4074827636452,377.17059378858704,383.12762451171875,695800
2025-08-19,382.8477475901069,383.88720361670903,377.2105638590078,379.0796203613281,750800
2025-08-20,375.80127033749926,378.77978557292806,367.71533459514114,375.68133544921875,1142300
2025-08-21,376.32104363135505,380.2290849066544,375.5014478595788,378.0201721191406,699800
2025-08-22,381.2485867271151,386.0961589815937,377.52044754949264,379.6493835449219,1037700
2025-08-25,379.64937867478494,381.66835398376804,377.23061020094804,378.1201477050781,612400
2025-08-26,378.8897579078229,384.2271050486858,378.56994167088453,383.72735595703125,1021500
2025-08-27,382.5978934227548,385.406480696304,379.7692966653827,381.3684997558594,637200
2025-08-28,383.36750693367964,387.61537405965447,382.17810169822565,385.76629638671875,641900
2025-08-29,385.5664288358099,385.5664288358099,373.282587626074,377.77032470703125,774400
2025-09-02,369.8143296761869,375.05169042222786,366.16616738929355,374.4919738769531,686000
2025-09-03,376.30104966977467,378.2100948012998,371.2036334938923,374.22210693359375,761100
2025-09-04,375.11166351349107,378.60990722518943,370.7438612452472,375.9012756347656,942100
2025-09-05,378.2800543067489,378.8997382601486,362.8278219281027,372.31304931640625,1128900
2025-09-08,376.8207903932721,379.80927996702576,373.2225911141848,375.3415222167969,780000
2025-09-09,374.4319789877393,375.80128652502543,370.0841560867257,373.2825622558594,502500
2025-09-10,381.008683066055,392.9826506300343,380.7687827835741,389.97418212890625,1305800
2025-09-11,390.9337004301717,400.6688022555067,388.76477611166655,389.4444580078125,1189400
2025-09-12,387.95521818695374,391.73332014297137,382.07816392153427,382.3380432128906,833400
2025-09-15,382.70784647894254,387.6653489040799,381.35851783740287,385.4864501953125,774900
2025-09-16,385.8362700358744,387.0056962936172,375.31155572524113,378.0501708984375,821900
2025-09-17,378.31002956230515,382.36798939431173,373.21258316920364,375.8212890625,887900
2025-09-18,377.84025758053787,393.2225476572807,375.8812498863503,390.45391845703125,1173100
2025-09-19,391.86324380467164,393.0226653235465,386.74581813671546,388.3849792480469,1493200
2025-09-22,384.30702085408996,397.4004521123799,382.0481453791134,395.82122802734375,812600
2025-09-23,396.7108042121936,397.32048342698613,387.22557677244953,389.3345031738281,846500
2025-09-24,400.02915689842666,406.87569484710383,396.1710781652963,402.6678161621094,1664700
2025-09-25,396.87072535362586,402.66780224177813,389.5044290984101,400.20904541015625,1009200
2025-09-26,400.20903701839876,408.53484275245285,398.9796433772353,405.23651123046875,803200
2025-09-29,405.67630366514896,413.73225610869076,405.67630366514896,408.9046630859375,931700
2025-09-30,408.9046427755102,415.15150574354743,408.79471262835784,414.2120056152344,896800
2025-10-01,410.652938101943,423.6095513122714,407.2038251999511,420.54034423828125,832200
2025-10-02,423.9994274411575,431.1275736588401,417.87105105092974,420.7502746582031,996600
2025-10-03,422.2499034744826,427.3785712974729,415.4317041938259,421.06024169921875,634500
2025-10-06,425.3990954455697,429.5880057122652,421.67005673162726,427.6884765625,693500
2025-10-07,428.8881845114842,434.2767942948377,415.1017702242362,421.400146484375,934600
2025-10-08,423.0796833278682,443.85426508164124,421.3201323696726,443.33441162109375,1247200
2025-10-09,442.8845300969596,443.33442500632515,427.18861016732626,429.8079528808594,1287100
2025-10-10,432.6371973307404,436.956078581343,416.4014402893109,417.5011291503906,2246300
2025-10-13,426.05893195147985,434.8366422186919,424.8892234884654,430.86767578125,781600
2025-10-14,423.6995400734471,438.8155944703928,420.45038712006897,431.4875183105469,897500
2025-10-15,436.88609015009934,442.2047107438014,431.88739346645974,436.81610107421875,781300
2025-10-16,440.29520615992453,446.4835951120529,434.1068172077962,437.40594482421875,939200
2025-10-17,435.8263594663931,440.565114056898,429.88790549391666,433.7369079589844,713800
2025-10-20,437.0460685345174,443.9442641153316,437.0460685345174,440.6251220703125,701300
2025-10-21,437.40595188475663,440.985035863244,423.1896570275411,437.31597900390625,926700
2025-10-22,441.6948292165188,443.6343259498921,404.404564557425,412.1025390625,1732100
2025-10-23,412.89235369542916,430.4077762149765,412.89235369542916,427.24859619140625,868200
2025-10-24,438.68561378337097,447.05345775583277,438.1357693457141,440.8150634765625,893100
2025-10-27,444.2741713608276,446.5635524382524,437.775865776419,441.704833984375,825100
2025-10-28,442.65459202976155,443.1944598348887,433.76692485213107,439.4554443359375,812900
2025-10-29,441.73484547196057,459.2402610440068,441.70485451133135,448.57305908203125,1886800
2025-10-30,440.2952153102453,460.7398669216478,438.865595347393,453.7117004394531,1765900
2025-10-31,455.3612904318773,469.30763606811007,447.8832291053151,449.012939453125,1935100
2025-11-03,451.42232822247763,456.3410288870646,448.683021574523,450.7025146484375,804300
2025-11-04,441.79480709076114,445.0439598846473,433.54695769089636,438.545654296875,840100
2025-11-05,442.3346848457112,459.0103297771393,441.8847899371746,453.3318176269531,984300
2025-11-06,453.2518179687745,457.4007301120553,441.1449892520833,442.7845458984375,963100
2025-11-07,435.93632601808434,446.54357625651977,429.9978719111333,444.8940124511719,818200
2025-11-10,454.95138365232924,456.74089508384645,439.5453969352806,450.2626037597656,700500
2025-11-11,446.6735567082376,452.44204182565966,440.50515143955397,448.7929992675781,728100
2025-11-12,451.04239309061893,456.30103165146164,448.21311374331566,449.3028564453125,706200
2025-11-13,447.88324161547524,449.2928778004646,424.62929390602045,426.8187255859375,1276600
2025-11-14,417.89103767019435,437.22599254622037,415.2217202493588,429.1880798339844,1254300
2025-11-17,428.6482500282959,434.58670416039746,421.7900222773429,426.75872802734375,1099300
2025-11-18,421.8900047274492,443.10447490593003,419.8905260320584,439.1755065917969,1663400
2025-11-19,441.9347598932729,449.7027540358657,439.15548576826706,445.3538818359375,1275700
2025-11-20,456.7808945436821,463.2892073560128,426.82871270917724,429.66796875,1146800
2025-11-21,427.5985058766218,431.187566457045,412.8923486829339,430.0378723144531,1401100
2025-11-24,433.3869956471224,447.9532048761875,430.8676635417037,442.5246276855469,1782100
2025-11-25,443.2244288423496,450.25259507922016,424.88921327646807,450.0226745605469,1055000
2025-11-26,452.57199447980645,461.94955416778356,451.92217002478174,460.3099670410156,1009000
2025-11-28,463.3491834788852,466.1284575658096,458.48045787603775,464.7588195800781,409500
2025-12-01,457.1807767237425,459.6701483656056,449.14289459493966,452.11212158203125,842700
2025-12-02,457.9005985439501,458.8803540742396,447.8232394865539,454.6014709472656,831500
2025-12-03,454.40151403620547,458.2305327955041,440.7850691008661,455.901123046875,734700
2025-12-04,454.54150216590256,466.9682551181144,449.882713076005,464.7188415527344,942900
2025-12-05,464.71884554846474,465.29871146902684,456.44100477707696,460.51995849609375,728800
2025-12-08,470.9871980478566,473.86645230333113,460.22001606004505,462.96929931640625,836000
2025-12-09,460.3799837709601,465.32870589808084,457.32078371370807,457.84063720703125,744900
2025-12-10,460.0500617864852,469.3976001320888,452.0321328184565,462.0895080566406,1057700
2025-12-11,459.88009705022455,467.73803362911565,450.14264562793625,466.7882995605469,716600
2025-12-12,464.72883933165434,465.36865664566926,431.4475080865446,437.99578857421875,1497000
2025-12-15,436.4262169511426,443.73430903427834,433.1870407658226,435.7563781738281,1564400
2025-12-16,435.2465128280915,440.3451896625384,430.69771094704396,438.3757019042969,988000
2025-12-17,436.36624570736325,441.2949534171027,412.48245781413226,414.14202880859375,1556700
2025-12-18,426.88871481960143,427.3485863912321,418.92079074883657,421.2001953125,1099300
2025-12-19,422.0999452660837,431.8773949546063,421.34016410150633,426.5487976074219,1602500
2025-12-22,432.9970799787608,435.28649155229607,428.39830353848134,432.9171142578125,772900
2025-12-23,431.8274183172309,437.29599379525405,430.8876608852033,435.0865783691406,562600
2025-12-24,434.6167046566662,434.6866632248256,430.5177671627046,433.46697998046875,306400
2025-12-26,432.8871515477336,433.4669869639091,429.56800948376434,432.5572509765625,279200
2025-12-29,430.4278010412882,435.83639474614967,429.97790611661253,430.91766357421875,503100
2025-12-30,430.6277318734981,432.33730818457644,427.6685118438657,428.6982421875,465100
2025-12-31,428.5382602521958,429.0581442330477,421.4301282182246,421.9499816894531,521200
2026-01-02,424.95001220703125,441.9700012207031,424.95001220703125,439.67999267578125,887000
2026-01-05,444.70001220703125,452.239990234375,435.0,435.82000732421875,1184700
2026-01-06,433.8800048828125,440.0,418.25,438.2200012207031,807400
